Rk,Player,Age,Team,Pos,G,GS,MP,FG,FGA,FG%,3P,3PA,3P%,2P,2PA,2P%,eFG%,FT,FTA,FT%,ORB,DRB,TRB,AST,STL,BLK,TOV,PF,PTS,Awards,Player-additional
1,Allen Iverson,29,PHI,PG,75,75,42.3,10.3,24.2,.424,1.4,4.5,.308,8.9,19.7,.451,.453,8.7,10.5,.835,0.7,3.3,4.0,7.9,2.4,0.1,4.6,1.9,30.7,MVP-5DPOY-11ASNBA1,iversal01
2,Kobe Bryant,26,LAL,SG,66,66,40.7,8.7,20.1,.433,2.0,5.9,.339,6.7,14.2,.472,.482,8.2,10.1,.816,1.4,4.5,5.9,6.0,1.3,0.8,4.1,2.6,27.6,ASNBA3,bryanko01
3,LeBron James,20,CLE,SF,80,80,42.4,9.9,21.1,.472,1.4,3.9,.351,8.6,17.2,.499,.504,6.0,8.0,.750,1.4,6.0,7.4,7.2,2.2,0.7,3.3,1.8,27.2,MVP-6ASNBA2,jamesle01
4,Dirk Nowitzki,26,DAL,PF,78,78,38.7,8.5,18.5,.459,1.2,2.9,.399,7.3,15.6,.470,.490,7.9,9.1,.869,1.2,8.5,9.7,3.1,1.2,1.5,2.3,2.8,26.1,MVP-3ASNBA1,nowitdi01
5,Amar'e Stoudemire,22,PHO,C,80,80,36.1,9.3,16.7,.559,0.0,0.2,.188,9.3,16.5,.564,.560,7.3,9.9,.733,2.7,6.2,8.9,1.6,1.0,1.6,2.4,3.5,26.0,MVP-9ASNBA2,stoudam01
6,Tracy McGrady,25,HOU,SF,78,78,40.8,9.2,21.3,.431,1.8,5.6,.326,7.3,15.7,.468,.473,5.5,7.1,.774,0.9,5.3,6.2,5.7,1.7,0.7,2.6,2.1,25.7,MVP-7ASNBA3,mcgratr01
7,Gilbert Arenas,23,WAS,PG,80,80,40.9,8.2,19.0,.431,2.6,7.0,.365,5.6,12.0,.469,.498,6.5,8.0,.814,1.0,3.7,4.7,5.1,1.7,0.3,3.0,3.1,25.5,MVP-12ASNBA3,arenagi01
8,Metta World Peace,25,IND,SF,7,7,41.6,8.4,17.0,.496,1.0,2.4,.412,7.4,14.6,.510,.525,6.7,7.3,.922,1.1,5.3,6.4,3.1,1.7,0.9,2.4,3.9,24.6,,artesro01
9,Vince Carter,28,2TM,SF,77,76,36.7,9.0,20.0,.452,1.6,4.1,.406,7.4,15.9,.463,.493,4.8,6.0,.798,1.4,3.8,5.2,4.2,1.4,0.6,2.2,3.2,24.5,MVP-13AS,cartevi01
9,Vince Carter,28,TOR,SG,20,20,30.4,6.2,15.1,.411,1.0,3.0,.322,5.3,12.2,.432,.442,2.5,3.6,.694,1.4,1.9,3.3,3.1,1.3,0.8,1.1,2.8,15.9,,cartevi01
9,Vince Carter,28,NJN,SF,57,56,38.9,10.0,21.7,.462,1.9,4.5,.425,8.1,17.3,.471,.505,5.6,6.8,.817,1.4,4.5,5.9,4.7,1.5,0.6,2.6,3.3,27.5,,cartevi01
10,Jermaine O'Neal,26,IND,PF,44,41,34.8,8.8,19.4,.452,0.0,0.1,.167,8.8,19.3,.454,.453,6.7,8.9,.754,1.9,6.9,8.8,1.9,0.6,2.0,3.0,3.9,24.3,AS,onealje01
11,Dwyane Wade,23,MIA,SG,77,77,38.6,8.2,17.1,.478,0.2,0.6,.289,8.0,16.5,.485,.483,7.5,9.9,.762,1.4,3.7,5.2,6.8,1.6,1.1,4.2,3.0,24.1,MVP-8DPOY-21ASNBA2DEF2,wadedw01
12,Ray Allen,29,SEA,SG,78,78,39.3,8.2,19.2,.428,2.7,7.1,.376,5.5,12.0,.459,.498,4.8,5.5,.883,1.0,3.4,4.4,3.7,1.1,0.1,2.2,2.1,23.9,MVP-9ASNBA2,allenra02
13,Michael Redd,25,MIL,SG,75,75,38.0,8.3,18.9,.441,1.4,3.9,.355,6.9,15.0,.463,.477,4.9,5.8,.854,1.0,3.2,4.2,2.3,0.8,0.1,1.8,2.0,23.0,,reddmi01
14,Shaquille O'Neal,32,MIA,C,73,73,34.1,9.0,15.0,.601,0.0,0.0,,9.0,15.0,.601,.601,4.8,10.5,.461,3.5,6.9,10.4,2.7,0.5,2.3,2.8,3.6,22.9,MVP-2DPOY-8ASNBA1,onealsh01
15,Kevin Garnett,28,MIN,PF,82,82,38.1,8.3,16.6,.502,0.1,0.3,.240,8.3,16.3,.507,.504,5.4,6.7,.811,3.0,10.5,13.5,5.7,1.5,1.4,2.7,2.5,22.2,MVP-11DPOY-9ASNBA2DEF1,garneke01
16,Richard Jefferson,24,NJN,SF,33,33,41.1,7.2,17.1,.422,0.9,2.7,.337,6.3,14.4,.438,.449,6.9,8.2,.844,1.5,5.8,7.3,4.0,1.0,0.5,4.0,3.3,22.2,,jefferi01
17,Corey Maggette,25,LAC,SG,66,60,36.9,6.4,14.9,.431,0.8,2.5,.304,5.7,12.4,.457,.457,8.5,10.0,.857,1.1,4.9,6.0,3.4,1.1,0.1,3.0,2.9,22.2,,maggeco01
18,Larry Hughes,26,WAS,SG,61,61,38.7,7.7,17.8,.430,1.0,3.4,.282,6.7,14.4,.465,.457,5.8,7.4,.777,1.2,5.0,6.3,4.7,2.9,0.3,2.5,2.8,22.0,DPOY-6DEF1,hughela01
19,Stephon Marbury,27,NYK,PG,82,82,40.0,7.4,16.0,.462,1.4,4.0,.354,6.0,12.0,.497,.506,5.6,6.7,.834,0.6,2.4,3.0,8.1,1.5,0.1,2.8,2.3,21.7,,marbust01
20,Jason Richardson,24,GSW,SG,72,72,37.8,8.5,19.0,.446,1.7,5.1,.338,6.7,13.9,.486,.492,3.0,4.3,.693,1.7,4.2,5.9,3.9,1.5,0.4,2.3,2.2,21.7,,richaja01
21,Paul Pierce,27,BOS,SF,82,82,36.1,6.8,14.9,.455,1.3,3.6,.370,5.5,11.4,.481,.499,6.7,8.1,.822,1.0,5.6,6.6,4.2,1.6,0.5,2.8,3.1,21.6,AS,piercpa01
22,Steve Francis,27,ORL,PG,78,78,38.2,7.2,17.1,.423,0.5,1.6,.299,6.7,15.4,.436,.438,6.4,7.8,.823,1.6,4.2,5.8,7.0,1.4,0.4,4.1,3.5,21.3,,francst01
23,Carmelo Anthony,20,DEN,SF,75,75,34.8,7.1,16.4,.431,0.6,2.1,.266,6.5,14.3,.455,.448,6.1,7.6,.796,1.9,3.8,5.7,2.6,0.9,0.4,3.0,3.1,20.8,,anthoca01
24,Rashard Lewis,25,SEA,SF,71,71,38.0,7.5,16.2,.462,2.4,6.1,.400,5.1,10.1,.499,.537,3.1,4.0,.777,1.5,3.9,5.5,1.3,1.1,0.9,1.7,2.2,20.5,AS,lewisra02
25,Tim Duncan,28,SAS,PF,66,66,33.4,7.8,15.8,.496,0.0,0.1,.333,7.8,15.7,.498,.498,4.6,6.9,.670,3.1,8.0,11.1,2.7,0.7,2.6,1.9,2.2,20.3,MVP-4DPOY-4ASNBA1DEF1,duncati01
26,Peja Stojaković,27,SAC,SF,66,66,38.4,6.8,15.4,.444,2.6,6.6,.402,4.2,8.8,.475,.530,3.8,4.2,.920,0.9,3.4,4.3,2.1,1.2,0.2,1.5,2.4,20.1,,stojape01
27,Elton Brand,25,LAC,PF,81,81,37.0,7.8,15.4,.503,0.0,0.0,.000,7.8,15.4,.504,.503,4.5,6.0,.752,3.7,5.9,9.5,2.6,0.8,2.1,2.3,3.0,20.0,,brandel01
28,Grant Hill,32,ORL,SF,67,67,34.9,7.7,15.1,.509,0.0,0.2,.231,7.7,15.0,.513,.511,4.2,5.1,.821,1.1,3.6,4.7,3.3,1.4,0.4,2.4,2.1,19.7,AS,hillgr01
29,Mike Bibby,26,SAC,PG,80,80,38.6,7.0,15.8,.443,1.6,4.6,.360,5.4,11.3,.477,.495,4.0,5.2,.775,1.0,3.2,4.2,6.8,1.6,0.4,2.5,2.4,19.6,,bibbymi01
30,Antawn Jamison,28,WAS,PF,68,68,38.3,7.6,17.5,.437,1.0,3.1,.341,6.6,14.4,.457,.466,3.3,4.4,.760,2.4,5.3,7.6,2.3,0.8,0.2,1.7,2.2,19.6,AS,jamisan01
31,Chris Webber,31,2TM,PF,67,67,35.4,8.3,19.1,.433,0.2,0.7,.341,8.1,18.5,.436,.438,2.7,3.4,.794,1.9,7.2,9.1,4.7,1.4,0.8,2.7,3.2,19.5,,webbech01
31,Chris Webber,31,SAC,PF,46,46,36.3,9.0,19.9,.449,0.2,0.6,.379,8.7,19.3,.452,.455,3.1,3.9,.799,2.0,7.7,9.7,5.5,1.5,0.7,2.9,3.1,21.3,,webbech01
31,Chris Webber,31,PHI,PF,21,21,33.4,6.8,17.4,.391,0.2,0.7,.267,6.6,16.7,.396,.396,1.8,2.3,.776,1.7,6.1,7.9,3.1,1.2,0.9,2.3,3.3,15.6,,webbech01
32,Shawn Marion,26,PHO,PF,81,81,38.8,7.6,15.9,.476,1.4,4.2,.334,6.2,11.7,.526,.520,2.8,3.4,.833,2.9,8.4,11.3,1.9,2.0,1.5,1.5,2.5,19.4,MVP-14DPOY-5ASNBA3,mariosh01
33,Baron Davis,25,2TM,PG,46,32,34.4,6.3,16.3,.387,2.6,7.7,.333,3.8,8.7,.435,.465,4.0,5.3,.761,0.7,3.1,3.8,7.9,1.8,0.3,2.8,2.7,19.2,,davisba01
33,Baron Davis,25,NOH,PG,18,13,32.9,6.2,16.8,.366,2.4,7.6,.321,3.7,9.2,.404,.439,4.1,5.3,.771,0.9,2.8,3.7,7.2,1.7,0.2,2.1,2.9,18.9,,davisba01
33,Baron Davis,25,GSW,PG,28,19,35.3,6.4,16.0,.401,2.6,7.8,.341,3.8,8.3,.457,.483,4.0,5.3,.755,0.6,3.3,3.9,8.3,1.8,0.4,3.3,2.6,19.5,,davisba01
34,Antoine Walker,28,2TM,PF,77,77,38.4,7.5,17.9,.422,1.4,4.4,.323,6.1,13.5,.455,.462,2.6,4.8,.539,2.4,6.7,9.0,3.4,1.2,0.8,3.3,2.8,19.1,,walkean02
34,Antoine Walker,28,ATL,PF,53,53,40.2,7.9,19.1,.415,1.6,5.1,.317,6.3,14.1,.450,.457,3.0,5.5,.534,2.4,7.0,9.4,3.7,1.2,0.6,3.5,2.8,20.4,,walkean02
34,Antoine Walker,28,BOS,PF,24,24,34.5,6.7,15.2,.442,1.0,3.0,.342,5.7,12.1,.467,.477,1.8,3.3,.557,2.3,5.9,8.3,3.0,1.0,1.1,2.9,2.9,16.3,,walkean02
35,Zach Randolph,23,POR,PF,46,37,34.8,7.2,16.1,.448,0.0,0.1,.000,7.2,16.0,.452,.448,4.5,5.5,.815,3.1,6.5,9.6,1.9,0.7,0.4,2.4,2.4,18.9,,randoza01
36,Richard Hamilton,26,DET,SG,76,76,38.5,6.7,15.3,.440,0.5,1.6,.305,6.2,13.7,.455,.455,4.8,5.6,.858,1.0,2.9,3.9,4.9,1.0,0.2,2.9,3.1,18.7,,hamilri01
37,Stephen Jackson,26,IND,SF,51,49,35.4,6.5,16.1,.403,2.0,5.6,.360,4.5,10.5,.426,.466,3.7,4.5,.830,0.9,4.0,4.9,2.3,1.3,0.3,2.4,3.0,18.7,,jacksst02
38,Jalen Rose,32,TOR,SF,81,65,33.5,6.5,14.3,.455,1.3,3.4,.394,5.2,10.9,.473,.501,4.1,4.8,.854,0.5,2.9,3.4,2.6,0.8,0.1,2.2,2.3,18.5,,roseja01
39,Yao Ming,24,HOU,C,80,80,30.6,6.7,12.2,.552,0.0,0.0,,6.7,12.2,.552,.552,4.9,6.2,.783,2.6,5.8,8.4,0.8,0.4,2.0,2.5,3.7,18.3,AS,mingya01
40,Carlos Boozer,23,UTA,PF,51,51,34.7,7.1,13.6,.521,0.0,0.0,.000,7.1,13.6,.522,.521,3.7,5.3,.698,2.8,6.2,9.0,2.8,0.8,0.5,2.7,3.5,17.8,,boozeca01
41,Pau Gasol,24,MEM,PF,56,53,32.0,6.4,12.4,.514,0.0,0.1,.167,6.4,12.3,.517,.514,5.0,6.6,.768,2.3,5.0,7.3,2.4,0.7,1.7,2.4,2.6,17.8,,gasolpa01
42,Jamal Crawford,24,NYK,SG,70,67,38.4,6.2,15.7,.398,2.6,7.3,.361,3.6,8.4,.431,.483,2.6,3.1,.843,0.5,2.4,2.9,4.3,1.3,0.3,2.1,1.9,17.7,,crawfja01
43,Al Harrington,24,ATL,SF,66,66,38.6,6.9,14.9,.459,0.2,1.1,.216,6.6,13.8,.479,.468,3.6,5.3,.672,2.2,4.8,7.0,3.2,1.3,0.2,3.1,3.8,17.5,,harrial01
44,Cuttino Mobley,29,2TM,SG,66,64,36.2,6.2,14.1,.438,2.3,5.2,.439,3.9,8.9,.437,.518,2.5,3.1,.820,0.7,2.8,3.5,2.8,1.1,0.5,2.0,2.3,17.2,,moblecu01
44,Cuttino Mobley,29,ORL,SG,23,21,31.6,5.6,12.9,.432,2.5,5.4,.464,3.0,7.4,.409,.530,2.4,3.0,.797,0.5,2.3,2.7,1.8,1.0,0.4,1.8,2.1,16.0,,moblecu01
44,Cuttino Mobley,29,SAC,SG,43,43,38.7,6.5,14.8,.440,2.1,5.0,.424,4.4,9.7,.449,.513,2.6,3.2,.831,0.8,3.1,3.9,3.4,1.2,0.5,2.1,2.4,17.8,,moblecu01
45,Desmond Mason,27,MIL,SF,80,71,36.2,6.0,13.5,.443,0.0,0.1,.125,6.0,13.4,.445,.443,5.3,6.6,.802,1.1,2.8,3.9,2.7,0.7,0.3,2.1,2.5,17.2,,masonde01
46,Joe Johnson,23,PHO,SF,82,82,39.5,6.6,14.4,.461,2.2,4.5,.478,4.5,9.9,.454,.536,1.6,2.2,.750,1.5,3.7,5.1,3.5,1.0,0.3,1.8,2.0,17.1,,johnsjo02
47,Zydrunas Ilgauskas,29,CLE,C,78,78,33.5,5.9,12.6,.468,0.0,0.1,.286,5.8,12.5,.469,.469,5.2,6.4,.799,3.8,4.8,8.6,1.3,0.7,2.1,2.4,4.0,16.9,AS,ilgauzy01
48,Shareef Abdur-Rahim,28,POR,PF,54,49,34.6,6.2,12.4,.503,0.3,0.7,.385,6.0,11.7,.510,.514,4.1,4.7,.866,2.3,5.0,7.3,2.1,0.9,0.5,2.2,2.8,16.8,,abdursh01
49,Chris Bosh,20,TOR,PF,81,81,37.2,5.8,12.4,.471,0.0,0.1,.300,5.8,12.3,.472,.472,5.1,6.7,.760,2.4,6.5,8.9,1.9,0.9,1.4,2.3,2.8,16.8,,boshch01
50,Tony Parker,22,SAS,PG,80,80,34.2,6.7,14.0,.482,0.5,2.0,.276,6.2,12.0,.516,.501,2.6,4.0,.650,0.6,3.1,3.7,6.1,1.2,0.1,2.7,2.1,16.6,,parketo01
51,Chauncey Billups,28,DET,PG,80,80,35.8,5.1,11.4,.442,2.1,4.8,.426,3.0,6.6,.454,.533,4.3,4.8,.898,0.6,2.8,3.4,5.8,1.0,0.1,2.3,2.4,16.5,DEF2,billuch01
52,Bobby Simmons,24,LAC,SF,75,74,37.3,6.3,13.6,.466,0.7,1.5,.435,5.7,12.0,.470,.491,3.1,3.6,.846,1.7,4.2,5.9,2.7,1.4,0.2,1.8,3.0,16.4,MIP-1,simmobo01
53,Eddy Curry,22,CHI,C,63,60,28.7,6.2,11.6,.538,0.0,0.0,,6.2,11.6,.538,.538,3.6,5.0,.720,1.8,3.5,5.4,0.6,0.3,0.9,2.6,3.2,16.1,,curryed01
54,Ricky Davis,25,BOS,SG,82,11,32.9,5.9,12.7,.462,0.7,2.2,.339,5.1,10.5,.488,.491,3.5,4.3,.815,0.8,2.2,3.0,3.0,1.1,0.3,2.5,2.1,16.0,6MOY-2,davisri01
55,Manu Ginóbili,27,SAS,SG,74,74,29.6,5.0,10.5,.471,1.3,3.5,.376,3.6,7.1,.517,.533,4.8,6.0,.803,1.0,3.4,4.4,3.9,1.6,0.4,2.3,2.6,16.0,DPOY-18AS,ginobma01
56,Damon Stoudamire,31,POR,PG,81,70,34.1,5.6,14.4,.392,2.2,6.0,.369,3.4,8.3,.409,.470,2.2,2.5,.915,0.7,3.1,3.8,5.7,1.1,0.0,2.0,2.0,15.8,,stoudda01
57,Michael Finley,31,DAL,SG,64,64,36.8,6.0,14.2,.427,1.8,4.5,.407,4.2,9.7,.436,.491,1.8,2.1,.831,0.7,3.4,4.1,2.6,0.8,0.3,0.9,1.9,15.7,,finlemi01
58,Kirk Hinrich,24,CHI,PG,77,77,36.4,5.8,14.6,.397,1.9,5.3,.355,3.9,9.3,.420,.461,2.2,2.8,.792,0.4,3.5,3.9,6.4,1.6,0.3,2.3,3.2,15.7,DPOY-12,hinriki01
59,Andrei Kirilenko,23,UTA,PF,41,37,32.9,5.0,10.2,.493,0.6,1.9,.299,4.5,8.4,.536,.520,5.0,6.3,.784,2.2,4.0,6.2,3.2,1.6,3.3,2.2,2.5,15.6,DPOY-10DEF2,kirilan01
60,Brad Miller,28,SAC,C,56,56,37.3,5.7,10.9,.524,0.1,0.3,.263,5.6,10.5,.532,.528,4.2,5.1,.812,2.5,6.8,9.3,3.9,1.2,1.2,1.5,3.2,15.6,,millebr01
61,Caron Butler,24,LAL,SF,77,77,35.7,5.7,12.9,.445,0.5,1.6,.304,5.2,11.2,.465,.464,3.6,4.1,.862,1.9,3.9,5.8,1.9,1.4,0.3,1.6,2.8,15.5,,butleca01
62,Kenyon Martin,27,DEN,PF,70,67,32.5,6.3,13.0,.490,0.0,0.2,.000,6.3,12.8,.496,.490,2.8,4.4,.646,2.1,5.2,7.3,2.4,1.4,1.1,2.1,3.3,15.5,,martike01
63,Steve Nash,30,PHO,PG,75,75,34.3,5.7,11.4,.502,1.3,2.9,.431,4.5,8.5,.526,.557,2.8,3.2,.887,0.8,2.6,3.3,11.5,1.0,0.1,3.3,1.8,15.5,MVP-1ASNBA1,nashst01
64,Wally Szczerbiak,27,MIN,SF,81,37,31.6,5.7,11.3,.506,0.8,2.1,.373,5.0,9.3,.536,.540,3.2,3.8,.855,1.0,2.7,3.7,2.4,0.5,0.2,1.6,2.2,15.5,6MOY-6,szczewa02
65,Troy Murphy,24,GSW,PF,70,69,33.9,5.6,13.5,.414,0.8,2.1,.399,4.8,11.4,.417,.445,3.3,4.6,.730,3.6,7.2,10.8,1.4,0.8,0.5,1.5,2.7,15.4,,murphtr01
66,Jamaal Tinsley,26,IND,PG,40,40,32.5,5.5,13.1,.418,1.5,3.9,.372,4.0,9.2,.437,.473,3.1,4.1,.744,0.7,3.4,4.0,6.4,2.0,0.3,3.4,2.8,15.4,,tinslja01
67,Lamar Odom,25,LAL,PF,64,64,36.3,5.7,12.1,.473,0.6,1.8,.308,5.2,10.3,.502,.496,3.2,4.7,.695,2.1,8.1,10.2,3.7,0.7,1.0,2.5,3.3,15.2,,odomla01
68,Ben Gordon,21,CHI,SG,82,3,24.4,5.3,12.9,.411,1.6,4.0,.405,3.7,8.8,.414,.474,2.8,3.3,.863,0.7,2.0,2.6,2.0,0.6,0.1,2.3,2.7,15.1,ROY-26MOY-1,gordobe01
69,Emeka Okafor,22,CHA,PF,73,73,35.6,6.1,13.7,.447,0.0,0.0,.000,6.1,13.7,.447,.447,2.9,4.7,.609,3.8,7.1,10.9,0.9,0.8,1.7,1.7,2.9,15.1,ROY-1DPOY-21,okafoem01
70,Quentin Richardson,24,PHO,SG,79,78,35.9,5.2,13.2,.389,2.9,8.0,.358,2.3,5.2,.437,.498,1.7,2.3,.739,1.2,4.9,6.1,2.0,1.2,0.3,1.3,2.5,14.9,,richaqu01
71,Jerry Stackhouse,30,DAL,SG,56,7,28.9,4.9,11.8,.414,0.6,2.1,.267,4.3,9.7,.446,.438,4.5,5.3,.849,0.7,2.6,3.3,2.3,0.9,0.2,1.9,1.9,14.9,6MOY-4,stackje01
72,Reggie Miller,39,IND,SG,66,66,31.9,4.8,10.9,.437,1.5,4.5,.322,3.3,6.4,.518,.503,3.8,4.1,.933,0.3,2.1,2.4,2.2,0.8,0.1,1.2,1.7,14.8,,millere01
73,Tayshaun Prince,24,DET,SF,82,82,37.1,5.7,11.7,.487,0.6,1.7,.341,5.1,10.1,.512,.511,2.7,3.3,.807,1.6,3.7,5.3,3.0,0.7,0.9,1.6,2.0,14.7,DPOY-7DEF2,princta01
74,Rasheed Wallace,30,DET,PF,79,79,34.0,5.9,13.4,.440,0.9,3.0,.318,5.0,10.5,.475,.475,1.7,2.5,.697,2.2,5.9,8.2,1.8,0.8,1.5,1.6,3.0,14.5,DPOY-16,wallara01
75,Drew Gooden,23,CLE,PF,82,80,30.8,5.7,11.5,.492,0.1,0.3,.179,5.6,11.2,.502,.495,3.1,3.8,.810,2.5,6.7,9.2,1.6,0.9,0.9,1.6,2.8,14.4,,goodedr01
76,Jason Kidd,31,NJN,PG,66,65,36.9,5.2,13.0,.398,2.0,5.4,.360,3.2,7.5,.425,.473,2.2,2.9,.740,1.4,6.0,7.4,8.3,1.9,0.1,2.5,1.7,14.4,DEF2,kiddja01
77,Rafer Alston,28,TOR,PG,80,78,34.0,5.0,12.2,.414,1.7,4.9,.357,3.3,7.3,.451,.485,2.4,3.2,.740,0.5,3.0,3.5,6.4,1.5,0.1,2.1,2.7,14.2,,alstora01
78,Lee Nailon,29,NOH,SF,68,51,29.7,6.1,12.8,.478,0.0,0.0,.000,6.1,12.8,.479,.478,2.0,2.4,.806,1.9,2.5,4.4,1.6,0.5,0.2,1.6,2.8,14.2,,nailole01
79,Matt Harpring,28,UTA,SF,78,55,33.1,5.4,11.0,.489,0.1,0.6,.209,5.2,10.4,.504,.494,3.1,4.0,.778,2.5,3.6,6.2,1.8,0.9,0.2,1.7,3.2,14.0,,harprma01
80,Hedo Türkoğlu,25,ORL,SF,67,11,26.2,4.9,11.7,.419,1.4,3.7,.380,3.5,8.0,.438,.479,2.8,3.4,.836,0.9,2.6,3.5,2.3,0.6,0.3,1.8,2.1,14.0,6MOY-14,turkohe01
81,Chucky Atkins,30,LAL,PG,82,82,35.4,4.7,11.1,.426,2.1,5.5,.387,2.6,5.5,.466,.523,2.0,2.5,.803,0.4,2.0,2.4,4.4,0.9,0.0,1.8,2.2,13.6,,atkinch01
82,Andre Miller,28,DEN,PG,82,82,34.8,5.2,10.9,.477,0.1,0.5,.154,5.1,10.4,.492,.480,3.1,3.7,.838,1.2,2.9,4.1,6.9,1.5,0.1,2.7,2.5,13.6,,millean02
83,Sam Cassell,35,MIN,PG,59,38,25.8,5.4,11.6,.464,0.5,1.7,.262,4.9,9.9,.500,.484,2.3,2.6,.865,0.4,2.2,2.7,5.1,0.6,0.2,1.8,2.7,13.5,,cassesa01
84,Ndudi Ebi,20,MIN,SG,2,0,27.0,5.5,10.5,.524,0.0,0.5,.000,5.5,10.0,.550,.524,2.5,4.5,.556,3.0,5.0,8.0,0.5,0.5,0.5,1.5,3.5,13.5,,ebind01
85,Mike Dunleavy,24,GSW,SF,79,79,32.5,5.2,11.5,.451,1.4,3.5,.388,3.8,8.0,.479,.510,1.7,2.2,.779,1.2,4.3,5.5,2.6,1.0,0.3,1.7,2.5,13.4,,dunlemi02
86,Mike Miller,24,MEM,SF,76,51,30.0,5.1,10.1,.505,1.8,4.3,.433,3.3,5.8,.558,.597,1.4,2.0,.720,0.5,3.5,3.9,2.9,0.7,0.3,1.7,2.6,13.4,,millemi01
87,Primož Brezec,25,CHA,C,72,72,31.6,5.4,10.5,.512,0.0,0.0,,5.4,10.5,.512,.512,2.3,3.1,.745,3.1,4.2,7.4,1.2,0.5,0.8,1.5,2.5,13.0,,brezepr01
88,Mehmet Okur,25,UTA,C,82,25,28.1,4.3,9.2,.468,0.2,0.8,.270,4.1,8.5,.486,.479,4.0,4.7,.850,2.4,5.1,7.5,2.0,0.4,0.8,1.7,2.8,12.9,6MOY-11,okurme01
89,Jeff McInnis,30,CLE,PG,76,69,34.9,5.0,12.0,.412,1.2,3.5,.345,3.8,8.6,.439,.462,1.7,2.1,.813,0.4,1.6,2.1,5.1,0.7,0.0,1.5,2.3,12.8,,mcinnje01
90,Darius Miles,23,POR,SF,63,22,27.0,5.3,11.1,.482,0.1,0.4,.348,5.2,10.7,.487,.488,2.0,3.4,.600,1.1,3.6,4.7,2.0,1.2,1.2,2.5,3.0,12.8,,milesda01
91,Latrell Sprewell,34,MIN,SF,80,79,30.6,5.0,12.0,.414,0.9,2.6,.327,4.1,9.4,.439,.450,2.0,2.4,.830,0.8,2.4,3.2,2.2,0.7,0.3,1.6,1.6,12.8,,sprewla01
92,Eddie Jones,33,MIA,SF,80,80,35.5,4.4,10.3,.428,1.8,4.8,.372,2.6,5.5,.477,.515,2.2,2.7,.806,0.5,4.6,5.1,2.7,1.1,0.5,1.2,3.1,12.7,,jonesed02
93,Josh Howard,24,DAL,SF,76,76,32.2,5.0,10.4,.475,0.4,1.5,.296,4.5,8.9,.506,.497,2.2,3.1,.733,2.2,4.1,6.4,1.4,1.5,0.6,1.6,2.8,12.6,DPOY-18,howarjo01
94,Dan Dickau,26,2TM,PG,71,46,29.4,4.3,10.6,.405,1.2,3.5,.347,3.1,7.2,.432,.461,2.7,3.2,.833,0.5,2.1,2.5,4.9,1.1,0.1,2.0,2.8,12.5,,dickada01
94,Dan Dickau,26,DAL,PG,4,0,4.0,0.3,2.0,.125,0.3,0.8,.333,0.0,1.3,.000,.188,0.5,0.8,.667,0.0,0.3,0.3,0.3,0.0,0.0,0.3,0.3,1.3,,dickada01
94,Dan Dickau,26,NOH,PG,67,46,31.0,4.6,11.2,.408,1.3,3.6,.347,3.3,7.6,.437,.464,2.8,3.4,.836,0.5,2.2,2.7,5.2,1.1,0.1,2.1,3.0,13.2,,dickada01
95,Morris Peterson,27,TOR,SG,82,61,30.6,4.3,10.3,.420,1.6,4.1,.385,2.8,6.3,.442,.496,2.3,2.8,.832,0.9,3.3,4.1,2.1,1.1,0.2,1.1,2.7,12.5,,petermo01
96,Kenny Thomas,27,2TM,PF,73,58,29.7,5.0,10.7,.470,0.0,0.1,.200,5.0,10.6,.472,.471,2.4,3.1,.762,2.5,4.8,7.3,2.1,0.9,0.2,1.8,3.1,12.4,,thomake01
96,Kenny Thomas,27,PHI,PF,47,43,28.6,4.6,10.1,.456,0.0,0.1,.250,4.6,10.0,.458,.457,2.0,2.5,.798,2.3,4.3,6.6,1.6,0.9,0.1,1.8,3.2,11.3,,thomake01
96,Kenny Thomas,27,SAC,PF,26,15,31.7,5.8,11.7,.492,0.0,0.0,.000,5.8,11.7,.493,.492,3.0,4.2,.722,3.0,5.7,8.7,2.9,1.0,0.4,1.8,2.9,14.5,,thomake01
97,Earl Boykins,28,DEN,PG,82,5,26.4,4.1,10.0,.413,0.7,2.0,.337,3.5,8.0,.432,.447,3.4,3.7,.921,0.5,1.3,1.7,4.5,1.0,0.1,1.5,1.5,12.4,6MOY-3,boykiea01
98,Jason Terry,27,DAL,PG,80,57,30.0,4.7,9.3,.501,1.3,3.1,.420,3.4,6.2,.540,.570,1.8,2.2,.844,0.5,1.9,2.4,5.4,1.4,0.2,1.8,2.2,12.4,,terryja01
99,Raja Bell,28,UTA,SG,63,32,28.4,4.8,10.6,.454,0.9,2.1,.403,4.0,8.5,.467,.495,1.8,2.4,.747,0.8,2.4,3.2,1.4,0.7,0.1,1.3,3.3,12.3,,bellra01
100,Dwight Howard,19,ORL,PF,82,82,32.6,4.3,8.3,.520,0.0,0.0,.000,4.3,8.2,.521,.520,3.4,5.0,.671,3.5,6.5,10.0,0.9,0.9,1.7,2.0,2.8,12.0,ROY-3DPOY-21,howardw01
101,Bobby Jackson,31,SAC,SG,25,0,21.4,4.4,10.2,.427,1.3,3.8,.344,3.0,6.4,.478,.492,2.0,2.3,.862,0.9,2.5,3.4,2.4,0.6,0.1,1.1,2.3,12.0,,jacksbo01
102,Marc Jackson,30,PHI,C,81,23,24.4,4.2,9.0,.465,0.0,0.0,.000,4.2,9.0,.466,.465,3.6,4.3,.828,2.3,2.7,5.0,1.0,0.4,0.2,1.6,2.1,12.0,,jacksma02
103,Tim Thomas,27,NYK,SF,71,68,27.3,4.4,10.1,.439,1.2,2.9,.409,3.2,7.2,.451,.498,1.9,2.4,.786,0.6,2.7,3.3,1.5,0.6,0.2,1.6,3.1,12.0,,thomati01
104,David Wesley,34,2TM,SG,80,79,34.7,4.2,10.5,.398,1.5,3.9,.375,2.7,6.6,.411,.468,2.0,2.4,.857,0.5,2.4,2.9,3.3,1.2,0.1,1.4,2.7,11.9,DPOY-16,wesleda01
104,David Wesley,34,NOH,SG,26,26,35.9,5.1,13.2,.389,1.1,3.1,.350,4.0,10.1,.401,.430,2.6,2.9,.882,0.5,2.8,3.3,4.2,1.3,0.0,2.1,2.5,13.9,,wesleda01
104,David Wesley,34,HOU,SG,54,53,34.1,3.7,9.2,.404,1.7,4.4,.383,2.1,4.9,.422,.494,1.8,2.1,.841,0.5,2.2,2.6,2.9,1.1,0.1,1.1,2.8,10.9,,wesleda01
105,Tony Delk,31,ATL,SG,56,1,23.9,4.4,10.6,.416,1.3,3.6,.356,3.1,6.9,.447,.477,1.8,2.4,.757,0.5,1.8,2.3,1.9,0.8,0.1,1.0,2.2,11.9,,delkto01
106,Derek Fisher,30,GSW,PG,74,32,30.0,4.0,10.2,.393,1.5,3.9,.371,2.6,6.3,.407,.465,2.4,2.7,.862,0.5,2.4,2.9,4.1,1.0,0.1,1.7,2.4,11.9,,fishede01
107,Allan Houston,33,NYK,SG,20,11,26.6,4.3,10.3,.415,1.6,4.0,.388,2.7,6.3,.432,.490,1.8,2.2,.837,0.2,1.0,1.2,2.1,0.4,0.1,1.1,2.0,11.9,,houstal01
108,Mike James,29,2TM,PG,74,5,25.1,4.5,10.1,.441,1.4,3.5,.386,3.1,6.6,.470,.507,1.5,2.0,.752,0.5,2.3,2.8,3.6,0.9,0.1,1.4,2.4,11.8,,jamesmi01
108,Mike James,29,MIL,PG,47,0,24.8,4.4,9.8,.446,1.2,3.2,.382,3.1,6.6,.477,.509,1.4,1.9,.744,0.5,2.1,2.6,3.9,0.9,0.1,1.7,2.4,11.4,,jamesmi01
108,Mike James,29,HOU,PG,27,5,25.6,4.7,10.8,.433,1.6,4.0,.393,3.1,6.8,.457,.505,1.6,2.0,.764,0.4,2.7,3.2,2.9,0.9,0.1,1.0,2.2,12.4,,jamesmi01
109,Vladimir Radmanović,24,SEA,PF,63,0,29.5,4.2,10.3,.409,2.0,5.2,.389,2.2,5.1,.430,.508,1.3,1.6,.786,0.8,3.8,4.6,1.4,0.9,0.5,1.3,2.7,11.8,6MOY-5,radmavl01
110,Luol Deng,19,CHI,SF,61,45,27.3,4.6,10.6,.434,0.5,1.9,.265,4.1,8.7,.472,.458,2.0,2.7,.741,1.5,3.8,5.3,2.2,0.8,0.4,1.9,1.6,11.7,ROY-5,denglu01
111,Jamaal Magloire,26,NOH,C,23,22,30.6,4.3,9.9,.432,0.0,0.0,,4.3,9.9,.432,.432,3.2,5.3,.602,3.4,5.5,8.9,1.3,0.3,1.0,2.6,3.2,11.7,,magloja01
112,Damon Jones,28,MIA,PG,82,66,31.4,4.0,8.9,.456,2.7,6.4,.432,1.3,2.5,.517,.611,0.8,1.0,.791,0.2,2.6,2.8,4.3,0.5,0.1,1.2,1.5,11.6,,jonesda01
113,Ruben Patterson,29,POR,SF,70,36,28.0,4.6,8.6,.531,0.0,0.4,.080,4.5,8.2,.550,.532,2.4,4.0,.599,1.8,2.1,3.9,2.0,1.5,0.3,2.0,2.3,11.6,,patteru01
114,Speedy Claxton,26,2TM,PG,62,47,30.1,4.1,9.9,.421,0.2,1.0,.180,4.0,8.9,.447,.430,3.0,4.1,.736,0.6,2.4,3.0,6.0,1.8,0.1,1.9,3.0,11.5,,claxtsp01
114,Speedy Claxton,26,GSW,PG,46,44,32.6,4.7,10.9,.431,0.2,1.1,.192,4.5,9.8,.459,.441,3.5,4.6,.761,0.7,2.6,3.3,6.2,1.9,0.1,2.0,3.3,13.1,,claxtsp01
114,Speedy Claxton,26,NOH,PG,16,3,22.8,2.6,6.9,.373,0.1,0.6,.111,2.5,6.3,.396,.377,1.6,2.6,.610,0.3,1.6,1.9,5.5,1.4,0.1,1.7,1.9,6.8,,claxtsp01
115,Kyle Korver,23,PHI,SF,82,57,32.5,3.9,9.3,.418,2.8,6.8,.405,1.1,2.5,.453,.567,1.0,1.2,.854,0.5,4.1,4.6,2.2,1.3,0.4,1.3,3.2,11.5,6MOY-11,korveky01
116,Donyell Marshall,31,TOR,PF,65,2,25.3,4.0,9.1,.443,2.3,5.6,.416,1.7,3.5,.485,.570,1.1,1.4,.791,1.5,5.1,6.6,1.2,0.9,0.7,0.6,2.1,11.5,6MOY-9,marshdo01
117,Kurt Thomas,32,NYK,PF,80,80,35.7,5.3,11.3,.471,0.0,0.1,.500,5.3,11.2,.470,.472,0.8,1.1,.786,2.1,8.3,10.4,2.0,0.9,1.0,1.2,3.9,11.5,,thomaku01
118,Gary Payton,36,BOS,PG,77,77,33.0,4.4,9.4,.468,0.5,1.7,.326,3.9,7.7,.498,.497,2.0,2.6,.761,0.6,2.4,3.1,6.1,1.1,0.2,1.9,1.6,11.3,,paytoga01
119,Tyronn Lue,27,2TM,PG,70,49,28.7,4.2,9.3,.451,0.8,2.2,.355,3.4,7.1,.481,.493,2.0,2.4,.861,0.2,1.9,2.1,4.6,0.5,0.0,1.5,2.4,11.2,,luety01
119,Tyronn Lue,27,HOU,PG,21,3,22.8,2.3,5.8,.393,0.7,2.1,.333,1.6,3.7,.429,.455,0.7,0.9,.778,0.0,1.9,1.9,2.8,0.4,0.0,1.1,2.3,6.0,,luety01
119,Tyronn Lue,27,ATL,PG,49,46,31.2,5.0,10.9,.464,0.8,2.2,.364,4.2,8.6,.491,.502,2.6,3.0,.871,0.3,1.9,2.2,5.4,0.5,0.0,1.7,2.4,13.5,,luety01
120,Keith Van Horn,29,2TM,PF,62,16,24.2,4.1,9.1,.456,0.9,2.3,.380,3.3,6.8,.481,.504,2.1,2.5,.815,1.4,3.3,4.7,1.2,0.6,0.3,1.3,2.7,11.2,,vanhoke01
120,Keith Van Horn,29,MIL,SF,33,13,24.8,3.9,8.6,.449,0.9,2.4,.385,3.0,6.3,.473,.502,1.7,2.0,.862,1.7,3.3,5.0,1.2,0.6,0.3,1.4,2.5,10.4,,vanhoke01
120,Keith Van Horn,29,DAL,PF,29,3,23.6,4.4,9.6,.462,0.8,2.2,.375,3.6,7.4,.488,.505,2.5,3.2,.783,1.2,3.3,4.4,1.2,0.5,0.3,1.2,3.0,12.2,,vanhoke01
121,Antonio Daniels,29,SEA,PG,75,2,27.0,3.6,8.3,.438,0.7,2.2,.297,3.0,6.1,.489,.478,3.3,4.1,.816,0.3,2.0,2.3,4.1,0.7,0.0,1.0,1.0,11.2,6MOY-8,daniean01
122,Raef LaFrentz,28,BOS,PF,80,80,27.5,4.3,8.6,.496,1.0,2.8,.364,3.2,5.8,.559,.555,1.5,1.9,.811,1.9,5.0,6.9,1.2,0.5,1.2,0.9,3.3,11.1,,lafrera01
123,Nick Van Exel,33,POR,SG,53,34,30.5,4.0,10.6,.381,1.9,4.8,.389,2.2,5.7,.375,.471,1.1,1.4,.784,0.4,2.7,3.0,4.3,0.8,0.0,1.7,1.3,11.1,,vanexni01
124,Gerald Wallace,22,CHA,SF,70,68,30.7,4.1,9.1,.449,0.2,0.9,.274,3.8,8.2,.468,.462,2.7,4.1,.661,1.7,3.8,5.5,2.0,1.7,1.3,2.3,2.6,11.1,,wallage01
125,Joe Smith,29,MIL,PF,74,73,30.6,4.3,8.4,.514,0.0,0.0,.000,4.3,8.4,.515,.514,2.4,3.1,.768,2.4,4.9,7.3,0.9,0.6,0.5,1.1,3.0,11.0,,smithjo02
126,Udonis Haslem,24,MIA,PF,80,80,33.4,4.3,8.0,.540,0.0,0.1,.000,4.3,8.0,.543,.540,2.2,2.8,.791,3.0,6.1,9.1,1.4,0.8,0.5,1.4,3.3,10.9,,hasleud01
127,P.J. Brown,35,NOH,PF,82,78,34.4,4.1,9.2,.446,0.0,0.0,,4.1,9.2,.446,.446,2.6,3.0,.864,3.2,5.7,9.0,2.2,0.9,0.6,1.2,2.8,10.8,MVP-14,brownpj01
128,Fred Jones,25,IND,SG,77,14,29.5,3.6,8.4,.425,1.1,3.0,.380,2.4,5.4,.450,.492,2.3,2.7,.850,0.4,2.7,3.1,2.5,0.8,0.4,1.5,2.2,10.6,,jonesfr01
129,Jim Jackson,34,2TM,SF,64,27,31.0,3.9,9.1,.426,1.9,4.6,.414,2.0,4.5,.439,.531,0.8,0.9,.931,0.5,3.7,4.2,2.9,0.5,0.1,1.8,2.4,10.5,6MOY-10,jacksji01
129,Jim Jackson,34,HOU,SF,24,24,41.3,4.9,11.8,.417,2.3,6.1,.367,2.7,5.7,.471,.512,1.3,1.4,.909,0.4,4.4,4.8,3.6,1.0,0.0,2.3,2.8,13.3,,jacksji01
129,Jim Jackson,34,PHO,SF,40,3,24.9,3.3,7.5,.435,1.7,3.7,.459,1.6,3.8,.411,.548,0.6,0.6,.960,0.6,3.3,3.9,2.4,0.3,0.1,1.5,2.2,8.8,,jacksji01
130,Bonzi Wells,28,MEM,SG,69,19,21.6,3.9,8.9,.441,0.5,1.5,.346,3.4,7.4,.460,.470,2.0,2.7,.750,0.7,2.6,3.3,1.2,1.2,0.4,1.3,2.4,10.4,,wellsbo01
131,Corliss Williamson,31,2TM,PF,72,9,21.2,3.8,8.1,.467,0.0,0.0,.000,3.8,8.1,.469,.467,2.7,3.4,.799,1.4,2.2,3.6,1.1,0.5,0.2,1.2,3.0,10.3,,willico02
131,Corliss Williamson,31,PHI,PF,48,5,22.0,4.0,8.7,.465,0.0,0.0,.000,4.0,8.6,.467,.465,2.7,3.4,.788,1.5,2.2,3.7,0.9,0.5,0.3,1.3,3.0,10.8,,willico02
131,Corliss Williamson,31,SAC,PF,24,4,19.6,3.3,7.0,.473,0.0,0.0,,3.3,7.0,.473,.473,2.7,3.3,.823,1.3,2.1,3.4,1.5,0.5,0.1,1.1,3.1,9.3,,willico02
132,Marcus Camby,30,DEN,C,66,66,30.5,4.2,9.1,.465,0.0,0.1,.000,4.2,9.0,.468,.465,1.9,2.6,.723,2.0,8.0,10.0,2.3,0.9,3.0,1.6,2.7,10.3,MVP-14DPOY-3DEF2,cambyma01
133,J.R. Smith,19,NOH,SG,76,56,24.5,3.9,9.8,.394,1.1,3.7,.288,2.8,6.1,.458,.449,1.5,2.1,.689,0.5,1.5,2.0,1.9,0.7,0.1,1.4,1.8,10.3,ROY-5,smithjr01
134,Bob Sura,31,HOU,PG,61,59,31.5,3.5,8.3,.427,0.9,2.5,.355,2.6,5.7,.458,.481,2.3,3.1,.750,1.3,4.2,5.5,5.2,1.1,0.1,2.4,2.8,10.3,,surabo01
135,Jarvis Hayes,23,WAS,SF,54,22,28.9,3.8,9.8,.389,0.8,2.3,.341,3.0,7.5,.403,.428,1.8,2.2,.839,0.8,3.4,4.2,1.7,0.9,0.2,1.1,2.0,10.2,,hayesja01
136,Mo Williams,22,MIL,PG,80,80,28.2,4.0,9.2,.438,0.4,1.2,.323,3.6,8.0,.456,.460,1.7,2.0,.850,0.6,2.4,3.1,6.1,0.9,0.1,2.5,2.8,10.2,,willima01
137,Josh Childress,21,ATL,SG,80,44,29.7,3.8,8.0,.470,0.2,0.7,.232,3.6,7.3,.493,.481,2.4,2.9,.823,2.4,3.6,6.0,1.9,0.9,0.4,1.3,2.3,10.1,,childjo01
138,Brevin Knight,29,CHA,PG,66,61,29.5,3.8,8.9,.422,0.0,0.3,.150,3.7,8.6,.432,.425,2.5,3.0,.852,0.3,2.3,2.6,9.0,2.0,0.1,2.2,2.9,10.1,,knighbr01
139,Stromile Swift,25,MEM,PF,60,14,21.3,3.7,8.1,.449,0.0,0.1,.000,3.7,8.1,.452,.449,2.8,3.7,.758,1.5,3.0,4.6,0.7,0.7,1.5,1.5,3.0,10.1,,swiftst01
140,Jason Williams,29,MEM,PG,71,68,27.5,3.7,9.1,.413,1.5,4.6,.324,2.2,4.4,.506,.496,1.1,1.4,.792,0.3,1.5,1.7,5.6,1.1,0.1,1.8,1.3,10.1,,willija02
141,Nenad Krstić,21,NJN,PF,75,57,26.2,3.7,7.6,.493,0.0,0.0,.000,3.7,7.6,.495,.493,2.5,3.4,.725,2.1,3.2,5.3,1.0,0.4,0.8,1.5,3.7,10.0,,krstine01
142,Luke Ridnour,23,SEA,PG,82,82,31.4,3.6,9.0,.405,0.8,2.2,.376,2.8,6.8,.414,.450,1.9,2.2,.883,0.7,1.8,2.5,5.9,1.1,0.3,1.8,2.3,10.0,,ridnolu01
143,Glenn Robinson,32,SAS,SF,9,0,17.4,3.8,8.6,.442,0.2,0.7,.333,3.6,7.9,.451,.455,2.2,2.6,.870,0.4,2.2,2.7,0.9,0.4,0.3,0.8,2.1,10.0,,robingl01
144,Shane Battier,26,MEM,SG,80,72,31.5,3.4,7.7,.442,0.9,2.2,.395,2.5,5.5,.461,.499,2.3,2.9,.789,2.0,3.2,5.2,1.6,1.1,1.0,0.9,2.5,9.9,DPOY-21,battish01
145,Marko Jarić,26,LAC,PG,50,41,33.1,3.8,9.1,.414,1.1,3.0,.371,2.7,6.1,.435,.475,1.2,1.6,.720,0.4,2.8,3.2,6.1,1.7,0.3,2.0,2.1,9.9,,jaricma01
146,Chris Mihm,25,LAL,C,75,75,24.9,3.7,7.4,.507,0.0,0.0,.000,3.7,7.3,.509,.507,2.3,3.4,.678,2.6,4.1,6.7,0.7,0.2,1.4,1.5,3.2,9.8,,mihmch01
147,Voshon Lenard,31,DEN,SG,3,1,18.0,3.3,8.7,.385,1.3,4.0,.333,2.0,4.7,.429,.462,1.7,2.7,.625,0.0,2.0,2.0,2.0,0.3,0.0,0.7,0.7,9.7,,lenarvo01
148,Josh Smith,19,ATL,SF,74,59,27.7,3.7,8.1,.455,0.1,0.3,.174,3.6,7.8,.466,.458,2.2,3.2,.688,2.0,4.2,6.2,1.7,0.8,1.9,1.8,2.1,9.7,,smithjo03
149,Ben Wallace,30,DET,C,74,74,36.1,4.0,8.8,.453,0.0,0.1,.111,4.0,8.7,.458,.454,1.8,4.1,.428,3.9,8.2,12.2,1.7,1.4,2.4,1.1,2.1,9.7,DPOY-1ASNBA3DEF1,wallabe01
150,Keith Bogans,24,CHA,SG,74,42,24.2,3.5,9.3,.381,0.8,2.3,.329,2.8,7.0,.398,.422,1.8,2.5,.727,1.0,2.0,3.1,1.8,0.9,0.1,1.6,2.3,9.6,,boganke01
151,Nenê,22,DEN,C,55,18,23.9,3.5,7.0,.503,0.0,0.0,.000,3.5,7.0,.505,.503,2.5,3.9,.660,1.9,4.0,5.9,1.5,0.9,0.9,1.7,3.0,9.6,,hilarne01
152,Juwan Howard,31,HOU,PF,61,47,26.6,4.0,8.9,.451,0.0,0.0,.000,4.0,8.9,.452,.451,1.6,1.9,.843,2.1,3.6,5.7,1.5,0.5,0.1,1.3,2.3,9.6,,howarju01
153,Antonio McDyess,30,DET,PF,77,8,23.3,4.0,7.8,.513,0.0,0.0,.000,4.0,7.8,.514,.513,1.6,2.5,.656,2.3,4.0,6.3,0.9,0.6,0.7,1.2,2.6,9.6,6MOY-7,mcdyean01
154,Lorenzen Wright,29,MEM,C,80,77,28.6,4.0,8.5,.469,0.0,0.0,.000,4.0,8.5,.471,.469,1.6,2.5,.662,2.2,5.5,7.7,1.1,0.7,0.9,1.3,3.1,9.6,,wrighlo02
155,Nazr Mohammed,27,2TM,C,77,59,25.1,3.8,7.8,.480,0.0,0.0,.000,3.8,7.8,.481,.480,2.0,2.9,.674,3.2,4.4,7.6,0.4,0.8,1.1,1.4,3.1,9.5,,mohamna01
155,Nazr Mohammed,27,NYK,C,54,54,28.1,4.3,8.5,.509,0.0,0.0,.000,4.3,8.5,.510,.509,2.2,3.2,.708,3.1,5.0,8.1,0.5,1.0,1.0,1.5,3.2,10.9,,mohamna01
155,Nazr Mohammed,27,SAS,C,23,5,18.0,2.4,6.2,.387,0.0,0.0,,2.4,6.2,.387,.387,1.4,2.4,.571,3.4,3.0,6.4,0.3,0.2,1.4,1.2,2.8,6.2,,mohamna01
156,Jason Hart,26,CHA,PG,74,27,25.5,3.5,7.7,.449,0.5,1.3,.368,3.0,6.5,.464,.479,2.1,2.7,.785,0.2,2.5,2.7,5.0,1.3,0.2,1.4,2.3,9.5,,hartja01
157,Mickaël Piétrus,22,GSW,SF,67,3,20.0,3.2,7.5,.427,1.0,2.9,.344,2.2,4.6,.480,.494,2.1,3.0,.698,1.0,1.9,2.8,1.2,0.7,0.3,1.4,2.1,9.5,,pietrmi01
158,Mark Blount,29,BOS,C,82,57,26.0,4.0,7.5,.529,0.0,0.0,.000,4.0,7.5,.530,.529,1.4,2.0,.713,1.7,3.1,4.8,1.6,0.4,0.8,1.9,2.8,9.4,,blounma01
159,Brendan Haywood,25,WAS,C,68,68,27.4,3.5,6.3,.560,0.0,0.0,,3.5,6.3,.560,.560,2.3,3.8,.609,3.0,3.9,6.8,0.8,0.8,1.7,1.4,3.2,9.4,,haywobr01
160,Derek Anderson,30,POR,SG,47,32,26.4,3.2,8.3,.389,1.2,3.2,.384,2.0,5.1,.392,.463,1.5,1.9,.805,0.5,2.2,2.7,3.0,0.8,0.1,1.5,1.9,9.2,,anderde01
161,Erick Dampier,29,DAL,C,59,56,27.3,3.4,6.2,.550,0.0,0.1,.000,3.4,6.2,.555,.550,2.3,3.9,.605,3.1,5.4,8.5,0.9,0.3,1.4,1.7,3.5,9.2,,dampier01
162,Marquis Daniels,24,DAL,SG,60,17,23.5,3.7,8.4,.437,0.1,0.6,.200,3.6,7.8,.454,.443,1.6,2.2,.737,1.5,2.2,3.6,2.1,1.4,0.2,1.4,2.1,9.1,,daniema01
163,Chris Kaman,22,LAC,C,63,50,25.9,3.9,7.9,.497,0.0,0.0,.000,3.9,7.8,.498,.497,1.3,1.9,.661,2.1,4.6,6.7,1.2,0.4,1.1,1.8,2.9,9.1,,kamanch01
164,Brian Cardinal,27,MEM,PF,58,16,24.7,2.8,7.4,.370,0.8,2.2,.352,2.0,5.3,.378,.421,2.7,3.1,.873,1.1,2.8,3.9,2.0,1.5,0.3,1.4,3.0,9.0,,cardibr01
165,Matt Carroll,24,CHA,SG,25,0,17.2,2.8,7.2,.389,0.5,1.6,.333,2.3,5.6,.404,.425,2.8,3.3,.855,0.5,1.9,2.4,0.7,0.7,0.1,1.0,1.5,9.0,,carroma01
166,Andre Iguodala,21,PHI,SG,82,82,32.8,3.3,6.7,.493,0.6,1.7,.331,2.7,4.9,.550,.536,1.9,2.6,.743,1.1,4.6,5.7,3.0,1.7,0.6,1.7,2.5,9.0,ROY-4DPOY-14,iguodan01
167,Austin Croshere,29,IND,PF,73,22,25.0,2.6,6.8,.378,0.6,2.4,.259,2.0,4.4,.443,.424,3.1,3.5,.883,1.4,3.7,5.1,1.3,0.7,0.2,1.4,2.1,8.9,,croshau01
168,Gordan Giriček,27,UTA,SG,81,44,20.5,3.5,7.8,.448,0.5,1.3,.362,3.0,6.5,.465,.478,1.4,1.7,.810,0.3,1.9,2.2,1.7,0.6,0.1,1.1,1.9,8.8,,giricgo01
169,Troy Hudson,28,MIN,PG,79,32,21.9,3.4,8.4,.401,1.1,3.3,.345,2.2,5.1,.436,.468,0.9,1.1,.778,0.2,1.1,1.3,3.6,0.3,0.1,1.4,1.5,8.7,,hudsotr01
170,Jameer Nelson,22,ORL,PG,79,21,20.4,3.6,7.9,.455,0.6,1.8,.312,3.1,6.2,.497,.490,0.9,1.4,.682,0.7,1.8,2.4,3.0,1.0,0.0,1.5,2.5,8.7,,nelsoja01
171,Jason Kapono,23,CHA,SF,81,14,18.4,3.3,8.3,.401,1.0,2.4,.412,2.3,5.9,.396,.461,0.9,1.0,.824,0.4,1.6,2.0,0.8,0.5,0.1,0.6,1.6,8.5,,kaponja01
172,Kareem Rush,24,2TM,SG,48,22,20.2,3.3,8.5,.387,1.1,2.9,.372,2.2,5.6,.394,.450,0.8,1.0,.771,0.4,1.4,1.9,1.4,0.4,0.1,1.0,1.5,8.4,,rushka01
172,Kareem Rush,24,LAL,SG,14,0,6.5,0.3,1.4,.200,0.1,0.7,.200,0.1,0.7,.200,.250,0.1,0.1,1.000,0.2,0.5,0.7,0.2,0.1,0.1,0.2,0.5,0.9,,rushka01
172,Kareem Rush,24,CHA,SG,34,22,25.8,4.5,11.4,.396,1.4,3.7,.386,3.1,7.6,.402,.460,1.0,1.4,.761,0.5,1.8,2.3,1.9,0.5,0.2,1.3,2.0,11.5,,rushka01
173,Predrag Drobnjak,29,ATL,C,71,1,20.2,3.4,7.6,.438,0.4,1.0,.352,3.0,6.6,.451,.461,1.4,1.7,.800,1.0,2.3,3.4,0.7,0.6,0.3,1.1,1.9,8.4,,drobnpr01
174,Anthony Johnson,30,IND,PG,63,36,27.7,3.2,7.2,.445,0.7,1.7,.380,2.6,5.5,.466,.490,1.3,1.8,.752,0.5,2.3,2.8,4.8,0.9,0.2,1.5,2.3,8.4,,johnsan02
175,Andrés Nocioni,25,CHI,SF,81,38,23.4,3.0,7.4,.401,0.3,1.2,.258,2.7,6.2,.429,.422,2.1,2.7,.766,0.9,3.9,4.8,1.5,0.5,0.4,1.7,2.6,8.4,DPOY-21,nocioan01
176,Mike Sweetney,22,NYK,C,77,28,19.6,3.1,5.8,.531,0.0,0.0,.000,3.1,5.8,.533,.531,2.3,3.1,.749,2.2,3.2,5.4,0.6,0.4,0.4,1.4,2.9,8.4,,sweetmi01
177,Bruce Bowen,33,SAS,SF,82,82,32.0,3.1,7.3,.420,1.2,3.1,.403,1.8,4.2,.432,.505,0.9,1.4,.634,0.6,2.9,3.5,1.5,0.7,0.5,0.7,2.1,8.2,DPOY-2DEF1,bowenbr01
178,Samuel Dalembert,23,PHI,C,72,60,24.8,3.5,6.6,.524,0.0,0.0,,3.5,6.6,.524,.524,1.2,2.1,.601,2.6,4.9,7.5,0.5,0.6,1.7,1.6,3.3,8.2,,dalemsa01
179,James Posey,28,MEM,SF,50,18,27.6,2.5,7.1,.357,1.1,3.6,.309,1.4,3.6,.404,.434,1.9,2.2,.865,0.9,3.5,4.4,1.8,1.0,0.5,1.4,2.7,8.1,,poseyja01
180,Tyson Chandler,22,CHI,C,80,10,27.4,2.6,5.2,.494,0.0,0.0,.000,2.6,5.2,.496,.494,2.8,4.2,.673,3.3,6.4,9.7,0.8,0.9,1.8,1.5,3.4,8.0,DPOY-186MOY-11,chandty01
181,Juan Dixon,26,WAS,SG,63,4,16.7,3.0,7.1,.416,0.8,2.3,.327,2.2,4.8,.460,.470,1.4,1.5,.897,0.5,1.4,1.9,1.8,0.7,0.1,1.1,1.6,8.0,,dixonju01
182,Othella Harrington,31,CHI,PF,70,28,18.2,3.1,6.1,.512,0.0,0.0,,3.1,6.1,.512,.512,1.8,2.5,.718,1.5,2.7,4.2,0.8,0.3,0.3,1.2,2.7,8.0,,harriot01
183,Chris Wilcox,22,LAC,C,54,25,18.6,3.1,6.1,.514,0.0,0.0,,3.1,6.1,.514,.514,1.6,2.7,.611,1.2,3.1,4.2,0.7,0.5,0.4,1.4,2.4,7.9,,wilcoch01
184,Keith McLeod,25,UTA,PG,53,47,26.1,2.7,7.7,.350,0.3,1.4,.250,2.4,6.3,.372,.373,2.1,2.8,.767,0.4,1.8,2.1,4.5,1.2,0.2,1.9,2.6,7.8,,mcleoke01
185,DeShawn Stevenson,23,ORL,SG,55,27,19.8,3.2,7.7,.408,0.5,1.2,.373,2.7,6.5,.415,.438,1.0,1.8,.554,0.7,1.2,1.9,1.3,0.3,0.2,1.0,1.3,7.8,,stevede01
186,Eric Williams,32,2TM,SG,55,39,24.0,2.6,6.0,.430,0.5,1.3,.384,2.1,4.7,.444,.473,2.0,2.9,.696,0.8,2.3,3.1,1.7,0.7,0.1,1.1,2.7,7.7,,willier01
186,Eric Williams,32,NJN,SG,21,21,35.2,4.1,8.8,.470,0.8,1.9,.425,3.3,6.9,.483,.516,3.5,5.1,.685,1.3,3.2,4.5,2.0,0.8,0.1,1.6,3.8,12.6,,willier01
186,Eric Williams,32,TOR,SG,34,18,17.1,1.6,4.3,.379,0.3,1.0,.333,1.3,3.3,.393,.417,1.1,1.6,.717,0.5,1.8,2.3,1.5,0.6,0.1,0.8,2.0,4.7,,willier01
187,Rodney Rogers,33,2TM,SF,58,33,23.6,3.0,7.8,.382,0.8,2.9,.286,2.1,4.9,.440,.436,0.9,1.2,.743,1.1,3.2,4.2,1.5,0.7,0.3,1.5,3.0,7.7,,rogerro01
187,Rodney Rogers,33,NOH,SF,30,26,29.4,3.6,9.6,.377,0.8,3.1,.272,2.8,6.6,.426,.420,1.1,1.4,.762,0.9,3.8,4.7,2.0,0.6,0.4,2.2,3.4,9.2,,rogerro01
187,Rodney Rogers,33,PHI,PF,28,7,17.3,2.3,5.8,.391,0.8,2.7,.303,1.4,3.0,.471,.463,0.7,1.0,.714,1.2,2.5,3.7,0.9,0.8,0.3,0.7,2.5,6.0,,rogerro01
188,Chris Andersen,26,NOH,C,67,2,21.3,2.9,5.3,.534,0.0,0.0,.000,2.9,5.3,.538,.534,2.0,2.8,.689,2.0,4.1,6.1,1.1,0.2,1.5,1.0,2.1,7.7,,anderch01
189,Willie Green,23,PHI,SG,57,21,18.7,2.7,7.4,.366,0.5,1.8,.286,2.2,5.6,.393,.402,1.7,2.2,.776,0.4,1.9,2.3,1.8,0.6,0.1,1.3,2.1,7.7,,greenwi01
190,Earl Watson,25,MEM,PG,80,14,22.6,3.0,6.9,.426,0.7,2.0,.319,2.3,4.9,.471,.473,1.1,1.7,.659,0.4,1.6,2.1,4.5,1.0,0.2,2.1,2.3,7.7,,watsoea01
191,Alonzo Mourning,34,2TM,C,37,17,19.0,2.7,5.7,.472,0.0,0.0,,2.7,5.7,.472,.472,2.2,3.8,.582,1.4,3.9,5.4,0.5,0.2,2.0,1.5,2.2,7.6,,mournal01
191,Alonzo Mourning,34,NJN,PF,18,14,25.4,3.8,8.3,.453,0.0,0.0,,3.8,8.3,.453,.453,2.8,4.8,.593,1.7,5.3,7.1,0.8,0.3,2.3,2.5,2.8,10.4,,mournal01
191,Alonzo Mourning,34,MIA,C,19,3,12.9,1.7,3.3,.516,0.0,0.0,,1.7,3.3,.516,.516,1.6,2.9,.564,1.2,2.6,3.7,0.2,0.2,1.7,0.6,1.7,5.0,,mournal01
192,Jumaine Jones,25,LAL,SF,76,23,24.1,2.8,6.4,.432,1.3,3.4,.391,1.4,3.0,.480,.537,0.7,1.0,.733,1.4,3.8,5.2,0.9,0.6,0.3,0.6,2.2,7.6,,jonesju01
193,Ron Mercer,28,NJN,SF,18,3,21.7,3.6,8.8,.411,0.0,0.2,.000,3.6,8.6,.419,.411,0.4,0.6,.700,0.5,1.7,2.2,1.1,0.9,0.1,0.8,1.1,7.6,,mercero01
194,Clifford Robinson,38,2TM,C,71,29,23.8,2.8,7.4,.386,0.9,2.7,.347,1.9,4.6,.409,.450,0.9,1.4,.639,0.8,2.2,2.9,1.5,0.9,0.7,0.9,2.5,7.5,,robincl02
194,Clifford Robinson,38,GSW,C,42,29,26.0,3.4,8.4,.398,1.0,3.0,.331,2.4,5.4,.436,.458,0.8,1.4,.603,0.7,2.0,2.7,1.8,1.0,0.9,1.0,2.5,8.5,,robincl02
194,Clifford Robinson,38,NJN,PF,29,0,20.7,2.1,5.8,.361,0.9,2.3,.379,1.2,3.6,.350,.435,0.9,1.3,.692,0.8,2.5,3.3,1.0,0.6,0.5,0.9,2.6,6.0,,robincl02
195,Danny Fortson,28,SEA,C,62,0,16.9,1.9,3.6,.522,0.0,0.0,,1.9,3.6,.522,.522,3.7,4.2,.880,2.5,3.1,5.6,0.1,0.2,0.1,1.5,4.3,7.5,,fortsda01
196,Eddie Griffin,22,MIN,PF,70,0,21.3,2.9,7.5,.387,1.0,2.9,.328,1.9,4.5,.425,.451,0.8,1.1,.718,1.8,4.6,6.5,0.8,0.3,1.7,0.8,1.7,7.5,,griffed01
197,Darius Songaila,26,SAC,PF,81,21,20.6,3.2,6.0,.527,0.0,0.0,.000,3.2,6.0,.530,.527,1.2,1.4,.847,1.5,2.7,4.2,1.4,0.6,0.2,0.9,2.5,7.5,,songada01
198,Brent Barry,33,SAS,SG,81,8,21.5,2.4,5.7,.423,1.2,3.5,.357,1.2,2.2,.525,.532,1.4,1.7,.837,0.4,2.0,2.3,2.2,0.5,0.2,0.8,1.5,7.4,,barrybr01
199,Devin Brown,26,SAS,SG,67,0,18.5,2.6,6.1,.423,0.7,1.8,.372,1.9,4.3,.444,.478,1.5,1.9,.792,0.6,2.1,2.6,1.4,0.6,0.2,0.8,1.2,7.4,,brownde02
200,Shaun Livingston,19,LAC,PG,30,15,27.1,3.0,7.2,.414,0.0,0.1,.000,3.0,7.1,.418,.414,1.5,2.0,.746,0.7,2.2,3.0,5.0,1.1,0.4,2.5,2.7,7.4,,livinsh01
201,Maurice Taylor,28,2TM,PF,65,16,20.6,3.1,6.9,.455,0.0,0.1,.333,3.1,6.7,.458,.459,1.0,1.6,.612,1.0,2.9,4.0,1.0,0.4,0.3,1.4,2.8,7.3,,tayloma01
201,Maurice Taylor,28,HOU,PF,38,16,23.8,3.3,7.7,.435,0.1,0.2,.375,3.3,7.5,.437,.440,1.0,1.6,.650,1.1,3.2,4.3,1.4,0.4,0.3,1.7,3.2,7.8,,tayloma01
201,Maurice Taylor,28,NYK,C,27,0,16.0,2.8,5.7,.494,0.0,0.0,.000,2.8,5.7,.497,.494,0.9,1.6,.558,1.0,2.5,3.4,0.5,0.4,0.3,1.1,2.1,6.5,,tayloma01
202,Melvin Ely,26,CHA,PF,79,17,20.9,2.9,6.7,.432,0.0,0.0,,2.9,6.7,.432,.432,1.5,2.7,.575,1.8,2.3,4.1,1.0,0.4,0.9,1.5,2.5,7.3,,elyme01
203,Dan Gadzuric,26,MIL,C,81,81,22.0,3.0,5.6,.539,0.0,0.0,,3.0,5.6,.539,.539,1.3,2.5,.538,3.2,5.1,8.3,0.4,0.6,1.3,1.0,2.8,7.3,,gadzuda01
204,Devean George,27,LAL,SF,15,3,20.4,2.5,6.9,.356,1.4,3.9,.362,1.1,3.1,.348,.457,1.0,1.3,.750,0.9,2.7,3.5,0.9,0.5,0.1,0.8,2.1,7.3,,georgde01
205,Anfernee Hardaway,33,NYK,SF,37,0,24.2,3.0,7.0,.423,0.4,1.4,.300,2.6,5.7,.452,.452,0.9,1.2,.739,0.5,1.9,2.4,2.0,0.8,0.1,1.4,2.1,7.3,,hardaan01
206,Matt Bonner,24,TOR,C,82,0,18.9,3.0,5.6,.533,0.5,1.1,.424,2.5,4.5,.561,.576,0.7,0.9,.789,1.3,2.2,3.5,0.6,0.5,0.2,0.5,2.7,7.2,,bonnema01
207,DerMarr Johnson,24,DEN,SG,71,40,17.4,2.6,5.2,.499,0.7,2.1,.358,1.9,3.1,.592,.570,1.1,1.4,.792,0.6,1.5,2.1,1.1,0.6,0.3,0.9,2.0,7.1,,johnsde03
208,Etan Thomas,26,WAS,C,47,10,20.8,2.7,5.4,.502,0.0,0.0,,2.7,5.4,.502,.502,1.6,3.1,.528,1.8,3.4,5.2,0.4,0.4,1.1,1.1,2.8,7.1,,thomaet01
209,Malik Rose,30,2TM,PF,76,5,19.4,2.6,5.8,.449,0.0,0.1,.100,2.6,5.7,.457,.450,1.8,2.4,.737,1.7,2.8,4.5,0.8,0.6,0.2,1.3,2.7,7.0,,rosema01
209,Malik Rose,30,SAS,PF,50,1,17.2,2.5,5.3,.464,0.0,0.1,.000,2.5,5.3,.471,.464,1.4,2.0,.697,1.9,2.6,4.5,0.8,0.6,0.2,1.1,2.5,6.3,,rosema01
209,Malik Rose,30,NYK,PF,26,4,23.6,2.8,6.7,.425,0.0,0.2,.167,2.8,6.5,.435,.428,2.6,3.3,.782,1.3,3.1,4.4,0.7,0.6,0.3,1.8,3.2,8.3,,rosema01
210,Boštjan Nachbar,24,2TM,SF,71,6,18.9,2.3,5.8,.392,1.1,2.8,.383,1.2,3.0,.400,.483,1.4,1.6,.829,0.3,2.2,2.6,1.0,0.4,0.2,1.0,2.6,7.0,,nachbbo01
210,Boštjan Nachbar,24,HOU,SF,16,2,12.8,0.9,2.7,.349,0.6,1.3,.476,0.3,1.4,.227,.465,0.6,0.8,.750,0.3,1.6,1.9,0.6,0.1,0.0,0.3,1.9,3.1,,nachbbo01
210,Boštjan Nachbar,24,NOH,PF,55,4,20.7,2.7,6.7,.397,1.2,3.2,.371,1.5,3.5,.420,.485,1.6,1.9,.838,0.4,2.4,2.8,1.2,0.5,0.3,1.2,2.8,8.1,,nachbbo01
211,Leandro Barbosa,22,PHO,PG,63,6,17.3,2.7,5.6,.475,0.8,2.2,.367,1.9,3.4,.544,.547,0.9,1.1,.797,0.5,1.6,2.1,2.0,0.5,0.1,1.4,2.0,7.0,,barbole01
212,Kwame Brown,22,WAS,PF,42,14,21.6,2.6,5.6,.460,0.0,0.0,,2.6,5.6,.460,.460,1.8,3.1,.574,1.7,3.2,4.9,0.9,0.6,0.4,1.6,2.7,7.0,,brownkw01
213,Rodney Buford,27,NJN,SF,64,17,20.5,2.9,7.6,.382,0.5,1.7,.315,2.4,6.0,.402,.417,0.6,0.7,.822,0.5,2.4,3.0,1.0,0.6,0.1,0.5,1.6,7.0,,buforro01
214,Kelvin Cato,30,ORL,C,62,50,24.6,2.6,4.8,.539,0.0,0.0,,2.6,4.8,.539,.539,1.8,2.3,.783,1.6,5.1,6.7,0.6,0.9,1.3,1.0,2.7,7.0,,catoke01
215,Antonio Davis,36,CHI,PF,72,62,25.6,2.7,5.8,.461,0.0,0.0,,2.7,5.8,.461,.461,1.6,2.1,.757,2.1,3.8,5.9,1.1,0.4,0.6,1.3,2.0,7.0,,davisan01
216,Jeff Foster,28,IND,C,61,43,26.1,2.8,5.3,.519,0.0,0.1,.000,2.8,5.2,.527,.519,1.5,2.3,.634,3.4,5.7,9.0,0.7,0.8,0.2,0.9,3.0,7.0,,fosteje01
217,Ronald Murray,25,SEA,SG,49,6,18.0,2.7,7.4,.361,0.5,1.9,.253,2.2,5.5,.399,.394,1.2,1.6,.738,0.3,1.7,2.0,1.3,0.6,0.2,1.2,1.2,7.0,,murraro01
218,Travis Best,32,NJN,PG,76,6,19.2,2.5,5.9,.420,0.3,1.1,.306,2.2,4.8,.447,.449,1.4,1.6,.885,0.3,1.2,1.4,1.9,0.9,0.1,0.9,1.9,6.8,,besttr01
219,Jared Jeffries,23,WAS,SF,77,71,26.1,2.6,5.6,.468,0.2,0.7,.314,2.4,5.0,.488,.486,1.3,2.2,.584,2.0,2.9,4.9,2.0,0.9,0.5,1.5,2.7,6.8,,jeffrja01
220,Sebastian Telfair,19,POR,PG,68,26,19.6,2.5,6.3,.393,0.3,1.0,.246,2.2,5.3,.421,.413,1.5,2.0,.789,0.1,1.4,1.5,3.3,0.5,0.1,1.8,1.8,6.8,,telfase01
221,Al Jefferson,20,BOS,PF,71,1,14.8,2.7,5.2,.528,0.0,0.0,.000,2.7,5.2,.533,.528,1.2,1.9,.630,1.7,2.7,4.4,0.3,0.3,0.8,0.9,2.7,6.7,,jeffeal01
222,Carlos Arroyo,25,2TM,PG,70,16,20.7,2.4,6.1,.389,0.1,0.4,.267,2.3,5.7,.398,.399,1.7,2.1,.799,0.4,1.1,1.5,4.0,0.6,0.1,1.5,2.0,6.6,,arroyca01
222,Carlos Arroyo,25,UTA,PG,30,16,24.7,3.1,7.7,.401,0.2,0.6,.389,2.9,7.1,.402,.416,1.8,2.1,.841,0.4,1.2,1.5,5.1,0.7,0.1,1.8,2.2,8.2,,arroyca01
222,Carlos Arroyo,25,DET,PG,40,0,17.7,1.9,4.9,.376,0.0,0.3,.083,1.8,4.6,.395,.378,1.7,2.2,.767,0.4,1.1,1.5,3.2,0.6,0.0,1.3,1.9,5.4,,arroyca01
223,Doug Christie,34,2TM,SG,52,44,29.3,2.5,6.4,.392,0.3,1.2,.242,2.2,5.2,.426,.414,1.3,1.5,.897,0.7,2.7,3.4,3.8,1.5,0.3,2.0,2.0,6.6,,chrisdo01
223,Doug Christie,34,SAC,SG,31,31,32.1,2.7,6.6,.407,0.3,1.3,.256,2.4,5.3,.442,.431,1.6,1.8,.893,0.9,3.0,4.0,4.9,1.4,0.4,2.2,2.0,7.3,,chrisdo01
223,Doug Christie,34,ORL,SG,21,13,25.2,2.2,6.1,.367,0.2,1.1,.217,2.0,5.0,.400,.387,1.0,1.0,.909,0.4,2.1,2.6,2.2,1.8,0.2,1.7,2.1,5.7,,chrisdo01
224,Jon Barry,35,2TM,SG,69,2,21.8,2.3,5.3,.438,1.0,2.4,.430,1.3,2.9,.443,.534,0.9,1.0,.873,0.4,1.9,2.3,2.4,0.9,0.1,1.0,1.4,6.6,,barryjo01
224,Jon Barry,35,ATL,SG,16,0,17.2,1.9,4.8,.403,0.7,2.0,.344,1.3,2.8,.444,.474,0.6,0.8,.769,0.3,1.1,1.3,1.8,0.9,0.1,0.9,1.8,5.2,,barryjo01
224,Jon Barry,35,HOU,SG,53,2,23.2,2.5,5.5,.447,1.1,2.5,.451,1.3,3.0,.443,.550,1.0,1.1,.897,0.4,2.2,2.6,2.6,0.9,0.1,1.0,1.3,7.0,,barryjo01
225,Trenton Hassell,25,MIN,SG,82,51,25.2,2.7,5.8,.474,0.0,0.1,.091,2.7,5.7,.483,.475,1.1,1.4,.789,1.0,1.7,2.7,1.6,0.4,0.4,0.8,2.4,6.6,DPOY-14,hassetr01
226,Casey Jacobsen,23,2TM,SG,84,1,21.4,2.0,4.9,.404,0.8,2.1,.373,1.2,2.8,.429,.485,1.8,2.3,.786,0.4,1.6,2.0,1.3,0.4,0.1,0.8,1.2,6.5,,jacobca01
226,Casey Jacobsen,23,PHO,SF,40,0,19.2,1.6,3.9,.414,0.9,2.2,.382,0.8,1.7,.456,.522,1.2,1.6,.774,0.4,1.3,1.7,0.9,0.3,0.0,0.7,1.4,5.3,,jacobca01
226,Casey Jacobsen,23,NOH,SG,44,1,23.4,2.3,5.7,.398,0.7,2.0,.364,1.5,3.7,.417,.462,2.3,3.0,.792,0.4,1.9,2.3,1.7,0.5,0.2,1.0,1.1,7.6,,jacobca01
227,Jiří Welsch,25,2TM,SG,71,32,18.5,2.1,5.2,.402,0.5,1.5,.309,1.6,3.7,.441,.447,1.8,2.4,.763,0.4,2.0,2.4,1.5,0.6,0.1,1.0,1.7,6.5,,welscji01
227,Jiří Welsch,25,BOS,SG,55,32,20.5,2.5,5.8,.428,0.6,1.8,.323,1.9,4.0,.475,.478,2.0,2.6,.773,0.4,2.2,2.5,1.5,0.7,0.1,1.1,1.9,7.5,,welscji01
227,Jiří Welsch,25,CLE,SF,16,0,12.0,0.8,3.2,.235,0.1,0.7,.182,0.6,2.5,.250,.255,1.3,1.8,.714,0.4,1.4,1.8,1.2,0.3,0.0,0.9,1.0,2.9,,welscji01
228,Rasual Butler,25,MIA,SF,65,15,18.5,2.5,6.3,.399,0.9,2.4,.373,1.6,3.9,.414,.468,0.6,0.7,.771,0.2,2.1,2.3,1.0,0.3,0.4,0.6,1.6,6.5,,butlera01
229,Wesley Person,33,2TM,SF,41,3,16.3,2.6,5.5,.473,1.0,2.2,.461,1.6,3.3,.482,.564,0.2,0.3,.692,0.1,2.0,2.0,1.0,0.5,0.1,0.4,0.7,6.4,,persowe01
229,Wesley Person,33,MIA,SF,16,3,12.9,1.6,3.6,.439,0.5,1.3,.381,1.1,2.3,.472,.509,0.3,0.3,1.000,0.1,1.3,1.4,0.7,0.4,0.0,0.4,0.4,3.9,,persowe01
229,Wesley Person,33,DEN,SF,25,0,18.4,3.3,6.8,.485,1.3,2.7,.485,2.0,4.0,.485,.583,0.2,0.4,.556,0.1,2.4,2.4,1.1,0.5,0.2,0.4,1.0,8.1,,persowe01
230,Tony Allen,23,BOS,SG,77,34,16.4,2.4,5.0,.475,0.2,0.4,.387,2.2,4.6,.483,.491,1.5,2.0,.737,1.1,1.8,2.9,0.8,1.0,0.3,1.0,2.0,6.4,,allento01
231,Jason Collins,26,NJN,C,80,80,31.8,2.3,5.6,.412,0.0,0.1,.333,2.3,5.6,.413,.415,1.7,2.6,.656,1.9,4.2,6.1,1.3,0.9,0.9,1.1,4.0,6.4,,collija04
232,Brian Cook,24,LAL,C,72,0,15.1,2.4,5.9,.417,1.1,2.8,.392,1.4,3.1,.439,.509,0.4,0.5,.757,0.9,2.1,3.0,0.5,0.3,0.4,0.4,1.9,6.4,,cookbr01
233,Maurice Evans,26,SAC,SG,65,11,19.0,2.5,5.7,.442,0.4,1.3,.329,2.1,4.5,.474,.479,0.9,1.2,.756,1.4,1.7,3.1,0.7,0.6,0.1,0.5,1.6,6.4,,evansma01
234,Jannero Pargo,25,CHI,PG,32,0,14.2,2.6,6.7,.385,0.7,2.1,.348,1.8,4.6,.401,.439,0.5,0.7,.739,0.4,1.1,1.5,2.4,0.5,0.0,1.4,1.7,6.4,,pargoja01
235,Joel Przybilla,25,POR,C,76,50,24.4,2.6,4.4,.598,0.0,0.0,,2.6,4.4,.598,.598,1.2,2.3,.517,2.3,5.4,7.7,1.0,0.3,2.1,1.3,3.1,6.4,DPOY-12,przybjo01
236,Steve Smith,35,2TM,SG,50,1,15.0,2.0,5.0,.411,0.8,2.1,.390,1.2,2.9,.427,.494,1.4,1.6,.863,0.3,1.0,1.3,1.4,0.3,0.1,0.5,1.6,6.3,,smithst01
236,Steve Smith,35,CHA,SG,37,1,17.2,2.5,5.9,.427,1.0,2.4,.422,1.5,3.5,.430,.514,1.8,2.1,.870,0.4,1.0,1.3,1.5,0.3,0.2,0.6,2.0,7.9,,smithst01
236,Steve Smith,35,MIA,SG,13,0,8.8,0.7,2.3,.300,0.2,1.2,.200,0.5,1.2,.400,.350,0.2,0.2,.667,0.2,1.1,1.2,1.1,0.2,0.0,0.2,0.6,1.8,,smithst01
237,Kerry Kittles,30,LAC,SG,11,0,22.1,2.5,6.6,.384,0.6,1.9,.333,1.9,4.7,.404,.432,0.5,0.9,.600,0.1,2.8,2.9,1.8,0.7,0.3,0.6,1.1,6.3,,kittlke01
238,Brian Scalabrine,26,NJN,PF,54,14,21.6,2.4,6.1,.398,0.4,1.3,.324,2.0,4.9,.417,.431,1.0,1.3,.768,1.5,3.0,4.5,1.6,0.6,0.3,1.2,2.1,6.3,,scalabr01
239,Damien Wilkins,25,SEA,SF,29,7,17.9,2.5,5.8,.435,0.6,2.0,.271,2.0,3.8,.523,.482,0.7,1.2,.618,1.0,1.3,2.3,0.9,0.8,0.3,0.6,1.9,6.3,,wilkida02
240,Greg Buckner,28,DEN,SG,70,41,21.7,2.3,4.3,.528,0.7,1.7,.405,1.6,2.6,.610,.609,0.9,1.2,.778,0.9,2.0,3.0,1.9,1.1,0.1,0.7,2.4,6.2,,buckngr01
241,Marcus Fizer,26,MIL,PF,54,0,16.7,2.5,5.4,.455,0.0,0.1,.000,2.5,5.3,.465,.455,1.3,1.9,.680,0.5,2.7,3.2,1.2,0.5,0.2,1.2,1.8,6.2,,fizerma01
242,Zaza Pachulia,20,MIL,C,74,4,18.9,2.2,4.8,.452,0.0,0.0,.000,2.2,4.8,.453,.452,1.9,2.5,.746,1.8,3.3,5.1,0.8,0.6,0.5,0.9,2.2,6.2,,pachuza01
243,David West,24,NOH,SF,30,8,18.4,2.5,5.7,.436,0.1,0.2,.400,2.4,5.6,.437,.442,1.1,1.7,.680,1.3,3.0,4.3,0.8,0.4,0.5,1.2,2.1,6.2,,westda01
244,Kendall Gill,36,MIL,SG,14,0,20.3,2.3,5.7,.400,0.2,0.6,.333,2.1,5.1,.408,.419,1.3,1.4,.900,0.8,1.9,2.6,1.9,1.0,0.3,0.6,2.6,6.1,,gillke01
245,David Harrison,22,IND,C,43,14,17.7,2.5,4.3,.576,0.0,0.0,,2.5,4.3,.576,.576,1.2,2.1,.571,1.1,2.0,3.1,0.3,0.4,1.3,1.2,3.1,6.1,,harrida01
246,Žarko Čabarkapa,23,2TM,PF,40,0,11.9,2.2,4.4,.486,0.3,0.9,.361,1.8,3.5,.518,.523,1.3,1.6,.815,0.9,1.7,2.6,0.6,0.3,0.1,0.8,1.5,6.0,,cabarza01
246,Žarko Čabarkapa,23,PHO,PF,3,0,3.7,1.3,2.3,.571,0.0,0.0,,1.3,2.3,.571,.571,0.3,0.3,1.000,0.7,0.3,1.0,0.0,0.0,0.0,0.0,0.0,3.0,,cabarza01
246,Žarko Čabarkapa,23,GSW,PF,37,0,12.5,2.2,4.6,.482,0.4,1.0,.361,1.9,3.6,.515,.521,1.4,1.7,.813,0.9,1.8,2.7,0.7,0.3,0.1,0.8,1.6,6.2,,cabarza01
247,Robert Horry,34,SAS,PF,75,16,18.6,2.1,5.0,.419,0.7,1.8,.370,1.4,3.2,.447,.487,1.1,1.5,.789,1.2,2.4,3.6,1.1,0.9,0.8,0.9,1.8,6.0,,horryro01
248,Lamond Murray,31,TOR,SF,62,1,14.8,2.1,5.0,.426,0.7,1.7,.438,1.4,3.3,.420,.500,1.0,1.3,.763,0.7,1.9,2.6,0.8,0.5,0.3,0.9,1.4,6.0,,murrala01
249,Trevor Ariza,19,NYK,SF,80,12,17.3,2.2,4.9,.442,0.0,0.2,.231,2.1,4.7,.449,.446,1.5,2.2,.695,1.1,1.9,3.0,1.1,0.9,0.2,0.9,1.9,5.9,,arizatr01
250,Chris Duhon,22,CHI,PG,82,73,26.5,2.1,6.0,.352,1.1,3.2,.355,1.0,2.7,.350,.449,0.6,0.8,.731,0.3,2.3,2.6,4.9,1.0,0.0,1.5,2.5,5.9,,duhonch01
251,Rasho Nesterović,28,SAS,C,70,70,25.5,2.8,6.1,.460,0.0,0.0,,2.8,6.1,.460,.460,0.2,0.4,.467,2.6,3.9,6.6,1.0,0.4,1.7,1.0,3.0,5.9,,nestera01
252,Ira Newble,30,CLE,SG,74,69,24.8,2.5,5.7,.429,0.3,0.7,.358,2.2,5.0,.439,.452,0.7,0.9,.797,1.1,1.9,3.0,1.2,0.7,0.2,0.8,1.9,5.9,,newblir01
253,Michael Olowokandi,29,MIN,C,62,34,19.6,2.6,5.7,.456,0.0,0.0,,2.6,5.7,.456,.456,0.7,1.1,.667,1.7,3.5,5.2,0.5,0.2,0.9,1.1,3.1,5.9,,olowomi01
254,Beno Udrih,22,SAS,PG,80,2,14.4,2.2,4.9,.444,0.7,1.8,.408,1.4,3.1,.464,.518,0.8,1.1,.753,0.2,0.8,1.0,1.9,0.5,0.1,1.0,1.2,5.9,,udrihbe01
255,Eddie House,26,3TM,SG,68,7,13.1,2.4,5.4,.451,0.6,1.4,.454,1.8,4.0,.450,.511,0.3,0.4,.852,0.2,1.0,1.2,1.4,0.6,0.1,0.5,1.0,5.8,,houseed01
255,Eddie House,26,CHA,SG,13,5,23.1,4.7,10.4,.452,0.9,2.2,.414,3.8,8.2,.462,.496,0.8,1.0,.769,0.2,1.3,1.5,1.8,1.8,0.2,1.0,1.8,11.1,,houseed01
255,Eddie House,26,MIL,SG,5,0,8.2,1.2,3.4,.353,0.8,1.2,.667,0.4,2.2,.182,.471,0.0,0.0,,0.0,0.6,0.6,1.0,0.4,0.0,0.0,0.6,3.2,,houseed01
255,Eddie House,26,SAC,PG,50,2,11.0,2.0,4.3,.458,0.6,1.2,.452,1.4,3.0,.461,.523,0.3,0.3,.929,0.3,0.9,1.2,1.3,0.4,0.1,0.4,0.8,4.7,,houseed01
256,Fred Hoiberg,32,MIN,SG,76,0,16.7,1.8,3.7,.489,0.9,1.9,.483,0.9,1.8,.496,.613,1.2,1.3,.873,0.4,2.0,2.4,1.1,0.7,0.2,0.3,1.4,5.8,,hoibefr01
257,Milt Palacio,26,TOR,PG,80,4,19.2,2.2,4.9,.446,0.0,0.2,.167,2.2,4.8,.455,.449,1.4,1.9,.742,0.3,1.4,1.7,3.5,0.6,0.2,1.3,1.6,5.8,,palacmi01
258,Željko Rebrača,32,LAC,C,58,2,16.0,2.3,4.0,.568,0.0,0.0,,2.3,4.0,.568,.568,1.3,1.5,.859,0.8,2.3,3.2,0.4,0.2,0.7,0.8,2.2,5.8,,rebraze01
259,Jason Collier,27,ATL,C,70,44,13.5,2.5,5.4,.463,0.1,0.2,.429,2.4,5.2,.464,.471,0.7,1.0,.676,1.2,1.4,2.6,0.3,0.2,0.2,0.9,2.1,5.7,,collija02
260,Devin Harris,21,DAL,PG,76,19,15.4,2.1,4.8,.429,0.6,1.7,.336,1.5,3.1,.481,.489,1.0,1.4,.757,0.4,1.0,1.3,2.2,1.0,0.3,1.1,1.8,5.7,,harride01
261,Nick Collison,24,SEA,C,82,4,17.0,2.3,4.3,.537,0.0,0.0,.000,2.3,4.3,.541,.537,1.0,1.4,.703,1.9,2.7,4.6,0.4,0.4,0.6,0.8,3.1,5.6,,collini01
262,Howard Eisley,32,UTA,PG,74,1,19.3,2.2,5.5,.398,0.4,1.4,.262,1.8,4.1,.444,.431,0.9,1.1,.795,0.2,1.0,1.2,3.4,0.6,0.1,1.5,2.1,5.6,,eisleho01
263,Junior Harrington,24,NOH,SG,29,7,19.0,2.2,6.1,.360,0.2,0.7,.316,2.0,5.5,.365,.376,1.0,1.2,.829,0.4,1.7,2.2,2.1,0.9,0.2,1.4,2.5,5.6,,harriju01
264,Toni Kukoč,36,MIL,SF,53,6,20.7,2.0,4.8,.410,0.8,2.2,.362,1.2,2.6,.450,.492,0.8,1.2,.721,0.6,2.4,3.0,3.0,0.7,0.2,1.2,1.3,5.6,,kukocto01
265,Rick Brunson,32,LAC,PG,80,39,24.3,2.1,5.5,.376,0.6,1.6,.369,1.5,3.9,.378,.430,0.7,0.9,.770,0.3,2.1,2.3,5.1,1.0,0.1,1.6,1.3,5.5,,brunsri01
266,Obinna Ekezie,29,ATL,C,42,31,17.4,1.9,4.3,.434,0.0,0.0,.000,1.9,4.3,.436,.434,1.7,2.2,.774,1.6,2.6,4.3,0.3,0.5,0.3,1.1,3.1,5.5,,ekeziob01
267,Alex Garcia,24,NOH,SG,8,3,18.3,2.3,6.5,.346,0.6,2.3,.278,1.6,4.3,.382,.394,0.4,0.5,.750,0.9,1.0,1.9,2.3,0.5,0.1,1.0,1.9,5.5,,garcial01
268,Robert Traylor,27,CLE,C,74,6,17.9,2.4,5.4,.444,0.0,0.1,.000,2.4,5.3,.453,.444,0.7,1.4,.539,1.8,2.6,4.5,0.8,0.7,0.7,1.0,2.9,5.5,,traylro01
269,Malik Allen,26,2TM,PF,36,1,14.4,2.3,4.9,.475,0.0,0.0,,2.3,4.9,.475,.475,0.7,0.8,.929,1.1,1.6,2.8,0.5,0.3,0.6,0.5,1.5,5.4,,allenma01
269,Malik Allen,26,MIA,PF,14,0,17.7,2.5,5.4,.461,0.0,0.0,,2.5,5.4,.461,.461,0.9,1.0,.929,1.7,2.0,3.7,0.8,0.3,0.8,0.8,2.1,5.9,,allenma01
269,Malik Allen,26,CHA,PF,22,1,12.3,2.2,4.6,.485,0.0,0.0,,2.2,4.6,.485,.485,0.6,0.6,.929,0.7,1.4,2.1,0.3,0.2,0.5,0.3,1.1,5.0,,allenma01
270,Mikki Moore,29,LAC,PF,74,4,15.9,1.9,3.9,.502,0.0,0.1,.200,1.9,3.8,.507,.503,1.4,1.8,.787,1.3,2.0,3.3,0.6,0.3,0.4,0.9,2.3,5.4,,mooremi01
271,Travis Outlaw,20,POR,SF,59,2,13.4,2.3,4.5,.498,0.1,0.2,.400,2.2,4.4,.502,.506,0.8,1.3,.653,0.7,1.4,2.1,0.6,0.5,0.7,0.7,1.3,5.4,,outlatr01
272,Charlie Ward,34,HOU,PG,14,13,25.7,1.7,5.5,.312,1.1,3.6,.314,0.6,1.9,.308,.416,0.8,0.9,.846,0.4,2.4,2.8,3.1,1.1,0.0,1.3,1.6,5.4,,wardch01
273,Christian Laettner,35,MIA,PF,49,0,15.1,2.2,3.8,.582,0.0,0.1,.143,2.2,3.6,.599,.584,0.9,1.2,.763,0.7,1.9,2.7,0.8,0.7,0.3,0.6,1.6,5.3,,laettch01
274,Jacque Vaughn,29,NJN,SG,71,34,19.9,2.1,4.6,.449,0.1,0.2,.333,2.0,4.4,.455,.457,1.1,1.3,.835,0.2,1.3,1.5,1.9,0.6,0.0,0.9,1.9,5.3,,vaughja01
275,Eduardo Nájera,28,2TM,PF,68,4,17.4,2.1,4.7,.450,0.1,0.3,.286,2.0,4.4,.462,.460,0.9,1.3,.637,1.5,2.1,3.6,1.0,0.6,0.4,0.9,2.2,5.2,,najered01
275,Eduardo Nájera,28,GSW,PF,42,4,14.5,1.7,4.1,.407,0.1,0.4,.400,1.5,3.7,.408,.424,0.7,1.1,.644,1.3,1.5,2.8,0.9,0.4,0.2,0.8,1.7,4.2,,najered01
275,Eduardo Nájera,28,DEN,PF,26,0,22.1,2.9,5.8,.500,0.0,0.2,.000,2.9,5.5,.521,.500,1.1,1.8,.630,1.9,2.9,4.8,1.1,0.9,0.5,1.1,3.0,6.9,,najered01
276,Anthony Goldwire,33,2TM,PG,33,2,16.3,1.7,4.1,.419,1.0,2.4,.400,0.8,1.7,.446,.537,0.8,0.9,.839,0.3,1.5,1.8,2.4,0.5,0.0,0.5,1.0,5.2,,goldwan01
276,Anthony Goldwire,33,DET,PG,9,0,6.1,0.4,1.7,.267,0.3,1.0,.333,0.1,0.7,.167,.367,0.8,0.9,.875,0.1,0.8,0.9,0.0,0.0,0.0,0.1,0.6,2.0,,goldwan01
276,Anthony Goldwire,33,MIL,PG,24,2,20.1,2.2,5.0,.438,1.2,3.0,.408,1.0,2.1,.480,.558,0.8,1.0,.826,0.4,1.8,2.1,3.3,0.6,0.0,0.6,1.1,6.4,,goldwan01
277,Keyon Dooling,24,MIA,PG,74,0,16.0,1.9,4.7,.403,0.3,1.0,.253,1.6,3.6,.444,.430,1.1,1.5,.780,0.1,1.1,1.2,1.8,0.5,0.1,0.9,1.6,5.2,,doolike01
278,Raül López,24,UTA,PG,31,15,16.7,1.8,4.4,.422,0.6,1.5,.444,1.2,2.9,.411,.496,0.9,1.1,.818,0.2,1.0,1.3,4.0,0.7,0.1,1.5,2.5,5.2,,lopezra01
279,Tom Gugliotta,35,2TM,PF,47,9,20.6,2.1,5.1,.411,0.2,0.6,.308,1.9,4.6,.423,.427,0.7,0.9,.767,1.2,2.9,4.1,1.4,0.9,0.4,1.2,2.2,5.1,,guglito01
279,Tom Gugliotta,35,BOS,PF,20,0,10.9,0.6,1.9,.297,0.0,0.0,,0.6,1.9,.297,.297,0.2,0.3,.667,0.8,1.4,2.2,0.6,0.5,0.2,0.5,1.2,1.3,,guglito01
279,Tom Gugliotta,35,ATL,PF,27,9,27.7,3.3,7.6,.431,0.3,1.0,.308,3.0,6.6,.449,.451,1.1,1.4,.784,1.5,4.0,5.5,2.1,1.2,0.5,1.8,3.0,7.9,,guglito01
280,Rodney White,24,2TM,SF,58,2,11.7,2.1,5.0,.419,0.4,1.0,.400,1.7,3.9,.424,.460,0.5,0.8,.614,0.4,1.1,1.5,0.8,0.6,0.2,0.6,1.1,5.1,,whitero02
280,Rodney White,24,DEN,SF,42,2,12.6,2.3,5.4,.432,0.5,1.0,.432,1.9,4.4,.432,.474,0.5,0.8,.618,0.5,1.3,1.8,0.9,0.7,0.2,0.6,1.2,5.6,,whitero02
280,Rodney White,24,GSW,SF,16,0,9.1,1.4,3.9,.371,0.3,1.0,.313,1.1,2.9,.391,.411,0.4,0.6,.600,0.3,0.7,0.9,0.5,0.1,0.1,0.6,0.8,3.6,,whitero02
281,Jonathan Bender,24,IND,SF,7,0,13.3,2.3,5.7,.400,0.1,0.7,.200,2.1,5.0,.429,.413,0.4,0.9,.500,0.7,1.3,2.0,0.6,0.1,0.3,1.4,1.3,5.1,,bendejo01
282,Quinton Ross,23,LAC,SG,78,19,21.3,2.1,4.8,.432,0.0,0.1,.250,2.1,4.7,.434,.433,0.9,1.4,.673,0.8,1.9,2.7,1.4,0.7,0.3,0.7,2.1,5.1,,rossqu01
283,Zoran Planinić,22,NJN,PG,43,8,12.0,1.8,4.0,.448,0.3,0.9,.375,1.5,3.1,.470,.491,1.1,1.5,.697,0.4,1.2,1.6,1.0,0.6,0.0,1.0,1.8,5.0,,planizo01
284,Kirk Snyder,21,UTA,SG,68,7,13.3,1.8,4.8,.372,0.4,1.3,.353,1.4,3.6,.379,.418,0.9,1.4,.667,0.7,1.0,1.8,0.5,0.4,0.3,0.9,1.7,5.0,,snydeki01
285,Tony Battie,28,ORL,C,81,32,23.4,2.0,4.4,.460,0.0,0.1,.000,2.0,4.3,.468,.460,0.8,1.2,.723,1.3,4.2,5.6,0.5,0.4,1.0,1.0,3.0,4.9,,battito01
286,Reggie Evans,24,SEA,PF,79,79,23.8,1.7,3.5,.476,0.0,0.0,.000,1.7,3.5,.480,.476,1.6,3.0,.534,3.2,6.1,9.3,0.7,0.7,0.2,1.3,2.6,4.9,,evansre01
287,Jerome James,29,SEA,C,80,80,16.6,2.2,4.3,.509,0.0,0.0,.000,2.2,4.3,.512,.509,0.6,0.8,.723,1.0,2.0,3.0,0.2,0.3,1.4,1.1,3.5,4.9,,jamesje01
288,James Jones,24,IND,SF,75,24,17.7,1.7,4.2,.396,0.9,2.2,.398,0.8,2.0,.395,.500,0.7,0.8,.855,0.5,1.8,2.3,0.8,0.4,0.4,0.6,1.6,4.9,,jonesja02
289,Erick Strickland,31,MIL,SG,62,5,16.4,1.8,4.9,.375,0.3,1.3,.253,1.5,3.6,.421,.410,0.8,1.0,.813,0.2,1.5,1.7,1.9,0.5,0.0,1.0,1.7,4.9,,stricer01
290,Anderson Varejão,22,CLE,PF,54,0,16.0,1.8,3.6,.513,0.0,0.0,.000,1.8,3.5,.518,.513,1.3,2.4,.535,2.0,2.7,4.8,0.5,0.8,0.7,0.5,2.3,4.9,,varejan01
291,Brian Skinner,28,2TM,PF,49,23,19.2,2.1,4.2,.507,0.0,0.0,.000,2.1,4.2,.510,.507,0.5,1.4,.357,2.2,3.5,5.7,0.9,0.6,1.0,0.8,2.1,4.8,,skinnbr01
291,Brian Skinner,28,PHI,PF,24,0,10.3,0.9,2.4,.386,0.0,0.0,.000,0.9,2.3,.393,.386,0.2,0.7,.294,1.0,1.6,2.6,0.2,0.2,0.3,0.5,1.2,2.0,,skinnbr01
291,Brian Skinner,28,SAC,C,25,23,27.8,3.3,5.9,.554,0.0,0.0,,3.3,5.9,.554,.554,0.8,2.1,.377,3.4,5.4,8.7,1.5,1.0,1.7,1.1,2.9,7.4,,skinnbr01
292,Boris Diaw,22,ATL,SG,66,25,18.2,1.9,4.5,.422,0.1,0.8,.180,1.7,3.7,.471,.437,0.9,1.2,.740,0.8,1.8,2.6,2.3,0.6,0.3,1.3,1.9,4.8,,diawbo01
293,Sasha Pavlović,21,CLE,SG,65,9,13.3,1.8,4.2,.435,0.5,1.2,.385,1.4,3.0,.455,.489,0.7,1.0,.688,0.2,0.9,1.1,0.8,0.4,0.1,0.7,1.9,4.8,,pavloal01
294,Eric Piatkowski,34,CHI,SG,68,11,12.4,1.6,3.8,.430,0.8,2.0,.425,0.8,1.8,.435,.541,0.7,0.8,.804,0.2,0.9,1.2,0.8,0.4,0.0,0.5,1.0,4.8,,piatker01
295,Theo Ratliff,31,POR,C,63,45,27.5,1.8,4.1,.447,0.0,0.0,,1.8,4.1,.447,.447,1.2,1.7,.692,1.8,3.5,5.3,0.5,0.4,2.5,0.9,2.9,4.8,,ratlith01
296,Dale Davis,35,2TM,C,61,28,21.4,1.8,3.8,.479,0.0,0.0,,1.8,3.8,.479,.479,1.0,1.6,.606,2.5,3.7,6.1,0.8,0.5,1.1,0.7,2.7,4.7,,davisda01
296,Dale Davis,35,GSW,C,36,3,16.0,1.3,3.0,.413,0.0,0.0,,1.3,3.0,.413,.413,0.6,1.1,.579,1.7,2.6,4.3,0.6,0.4,0.9,0.6,2.2,3.1,,davisda01
296,Dale Davis,35,IND,C,25,25,29.2,2.7,5.0,.536,0.0,0.0,,2.7,5.0,.536,.536,1.5,2.4,.623,3.6,5.2,8.9,1.0,0.8,1.3,0.9,3.3,6.9,,davisda01
297,Kenny Anderson,34,2TM,PG,43,20,17.3,2.0,4.7,.423,0.1,0.3,.462,1.8,4.4,.420,.438,0.6,0.9,.730,0.6,1.5,2.0,2.4,0.8,0.0,1.1,2.0,4.7,,anderke01
297,Kenny Anderson,34,ATL,PG,39,20,18.4,2.1,4.9,.426,0.2,0.3,.462,1.9,4.5,.424,.442,0.7,0.9,.730,0.6,1.5,2.1,2.5,0.8,0.0,1.2,2.1,5.0,,anderke01
297,Kenny Anderson,34,LAC,PG,4,0,6.5,1.0,2.8,.364,0.0,0.0,,1.0,2.8,.364,.364,0.0,0.0,,0.3,1.0,1.3,1.3,0.0,0.0,0.8,1.5,2.0,,anderke01
298,Jackson Vroman,23,2TM,C,46,18,15.3,1.8,4.3,.412,0.0,0.1,.000,1.8,4.3,.418,.412,1.0,1.6,.640,1.4,2.4,3.8,0.9,0.5,0.4,1.4,2.3,4.6,,vromaja01
298,Jackson Vroman,23,PHO,PF,10,1,5.7,0.6,1.6,.375,0.0,0.0,,0.6,1.6,.375,.375,0.4,0.7,.571,0.5,0.8,1.3,0.7,0.3,0.2,0.7,1.1,1.6,,vromaja01
298,Jackson Vroman,23,NOH,C,36,17,18.0,2.1,5.1,.415,0.0,0.1,.000,2.1,5.0,.422,.415,1.2,1.9,.647,1.6,2.9,4.5,0.9,0.6,0.5,1.6,2.6,5.4,,vromaja01
299,Marcus Banks,23,BOS,PG,81,2,14.1,1.4,3.5,.402,0.3,0.7,.356,1.2,2.8,.414,.439,1.5,2.0,.742,0.4,1.2,1.6,1.9,0.8,0.2,1.0,1.8,4.6,,banksma01
300,Omar Cook,23,TOR,PG,5,0,14.8,2.0,4.8,.417,0.0,0.8,.000,2.0,4.0,.500,.417,0.6,1.2,.500,0.4,1.0,1.4,4.4,1.2,0.2,1.2,1.2,4.6,,cookom01
301,Pat Garrity,28,ORL,PF,71,0,13.5,1.7,4.3,.402,0.7,2.1,.333,1.0,2.2,.465,.482,0.4,0.5,.879,0.3,1.5,1.7,0.4,0.3,0.1,0.4,1.5,4.6,,garripa01
302,Steven Hunter,23,PHO,C,76,3,13.8,1.8,2.9,.614,0.0,0.0,.000,1.8,2.9,.616,.614,1.0,2.1,.479,1.3,1.7,3.0,0.2,0.1,1.3,0.6,1.7,4.6,,huntest01
303,Calbert Cheaney,33,GSW,SG,55,5,17.3,2.1,4.8,.426,0.0,0.1,.000,2.1,4.8,.431,.426,0.4,0.7,.649,0.6,1.7,2.3,1.2,0.3,0.3,0.6,1.7,4.5,,cheanca01
304,Adonal Foyle,29,GSW,C,78,50,21.8,2.0,4.0,.502,0.0,0.0,,2.0,4.0,.502,.502,0.5,0.9,.556,2.1,3.4,5.5,0.7,0.3,2.0,0.7,2.6,4.5,,foylead01
305,Lawrence Funderburke,34,CHI,PF,2,0,10.5,1.5,3.0,.500,0.0,0.0,,1.5,3.0,.500,.500,1.5,2.5,.600,0.5,1.0,1.5,0.0,0.0,0.0,0.0,1.0,4.5,,fundela01
306,Ben Handlogten,31,UTA,C,21,5,14.1,2.0,4.0,.518,0.0,0.0,.000,2.0,3.9,.524,.518,0.4,0.8,.529,1.1,2.0,3.1,0.6,0.3,0.2,0.9,2.6,4.5,,handlbe01
307,Dahntay Jones,24,MEM,SG,52,7,12.5,1.6,3.7,.437,0.4,1.2,.383,1.2,2.5,.462,.497,0.8,1.2,.688,0.2,1.1,1.3,0.4,0.3,0.2,0.6,1.6,4.5,,jonesda02
308,Delonte West,21,BOS,SG,39,7,13.0,1.7,4.0,.426,0.6,1.7,.358,1.1,2.3,.477,.503,0.5,0.7,.704,0.4,1.3,1.7,1.4,0.5,0.2,0.6,1.8,4.5,,westde01
309,Jerome Williams,31,NYK,SF,79,4,15.3,1.5,3.1,.502,0.0,0.1,.000,1.5,3.0,.513,.502,1.5,2.2,.669,1.5,2.1,3.6,0.5,0.7,0.1,0.8,2.0,4.5,,willije01
310,Tierre Brown,25,LAL,PG,76,0,14.0,1.6,4.6,.356,0.3,0.9,.361,1.3,3.6,.355,.394,0.8,1.0,.787,0.3,0.9,1.2,2.0,0.4,0.0,1.0,0.8,4.4,,brownti01
311,Bryon Russell,34,DEN,SF,70,2,14.7,1.4,3.6,.377,0.8,2.1,.376,0.6,1.5,.379,.488,0.9,1.1,.792,0.7,1.7,2.5,1.0,0.6,0.2,0.5,1.9,4.4,,russebr01
312,Steve Blake,24,WAS,PG,44,1,14.7,1.4,4.2,.328,0.8,2.1,.387,0.6,2.1,.269,.425,0.8,0.9,.805,0.4,1.2,1.6,1.6,0.3,0.0,0.9,1.1,4.3,,blakest01
313,Jarron Collins,26,UTA,C,50,38,19.2,1.3,3.1,.414,0.0,0.0,.000,1.3,3.1,.417,.414,1.7,2.4,.697,1.1,2.1,3.3,1.2,0.2,0.1,0.7,2.9,4.3,,collija03
314,Lucious Harris,34,CLE,SG,73,4,15.5,1.6,4.1,.395,0.3,0.9,.323,1.3,3.2,.415,.430,0.8,0.9,.812,0.5,1.1,1.7,0.7,0.4,0.1,0.4,0.9,4.3,,harrilu01
315,Viktor Khryapa,22,POR,SF,32,5,16.3,1.7,3.9,.435,0.1,0.3,.364,1.6,3.5,.442,.452,0.7,1.3,.548,0.9,2.5,3.4,0.8,0.6,0.6,1.0,2.5,4.2,,khryavi01
316,Scott Padgett,28,HOU,PF,66,0,14.3,1.5,3.5,.421,0.8,1.9,.397,0.7,1.6,.449,.528,0.4,0.6,.725,0.7,2.1,2.8,0.8,0.5,0.2,0.5,1.8,4.2,,padgesc01
317,Kris Humphries,19,UTA,PF,67,4,13.0,1.7,4.3,.404,0.0,0.1,.333,1.7,4.2,.406,.408,0.7,1.5,.436,1.1,1.9,2.9,0.6,0.4,0.3,0.8,1.4,4.1,,humphkr01
318,John Salmons,25,PHI,SG,58,8,17.1,1.5,3.6,.405,0.5,1.6,.341,0.9,2.1,.454,.479,0.6,0.8,.729,0.2,1.9,2.1,2.0,0.7,0.2,0.9,1.6,4.1,,salmojo01
319,Darrell Armstrong,36,2TM,PG,66,16,15.0,1.3,4.2,.321,0.4,1.7,.252,0.9,2.5,.367,.372,0.9,1.0,.853,0.5,1.2,1.7,2.7,0.7,0.1,1.0,1.4,4.0,,armstda01
319,Darrell Armstrong,36,NOH,PG,14,9,29.4,3.8,11.4,.333,1.2,5.0,.243,2.6,6.4,.404,.387,1.4,1.5,.905,1.1,2.3,3.4,4.6,1.1,0.1,2.0,2.1,10.1,,armstda01
319,Darrell Armstrong,36,DAL,PG,52,7,11.1,0.7,2.3,.305,0.2,0.8,.268,0.5,1.5,.325,.352,0.8,0.9,.830,0.4,0.9,1.3,2.2,0.6,0.1,0.8,1.2,2.3,,armstda01
320,Michael Doleac,27,MIA,C,80,8,14.7,1.9,4.1,.447,0.0,0.0,.000,1.9,4.1,.450,.447,0.3,0.5,.610,0.9,2.3,3.2,0.6,0.3,0.3,0.5,2.0,4.0,,doleami01
321,Matt Freije,23,NOH,PF,23,11,19.2,1.6,5.5,.291,0.6,2.3,.259,1.0,3.2,.315,.346,0.2,0.3,.625,0.7,2.0,2.7,0.9,0.6,0.1,0.7,1.7,4.0,,freijma01
322,Dikembe Mutombo,38,HOU,C,80,2,15.2,1.4,2.7,.498,0.0,0.0,,1.4,2.7,.498,.498,1.3,1.8,.741,1.9,3.5,5.3,0.1,0.2,1.3,0.6,1.7,4.0,,mutomdi01
323,Eric Snow,31,CLE,SG,81,15,22.8,1.5,4.0,.382,0.2,0.6,.289,1.4,3.5,.397,.402,0.7,1.0,.738,0.5,1.5,1.9,3.9,0.8,0.2,1.1,2.3,4.0,,snower01
324,Dajuan Wagner,21,CLE,SG,11,0,9.3,1.6,5.0,.327,0.5,2.4,.192,1.2,2.6,.448,.373,0.3,0.4,.750,0.0,0.2,0.2,1.2,0.5,0.0,0.8,1.4,4.0,,wagneda02
325,Shandon Anderson,31,2TM,SF,66,5,17.7,1.5,3.3,.452,0.1,0.4,.172,1.4,2.8,.495,.463,0.8,1.0,.818,0.6,2.3,2.9,1.1,0.6,0.2,0.8,2.1,3.9,,andersh01
325,Shandon Anderson,31,NYK,SG,1,0,20.0,0.0,2.0,.000,0.0,1.0,.000,0.0,1.0,.000,.000,0.0,0.0,,1.0,0.0,1.0,0.0,0.0,0.0,1.0,2.0,0.0,,andersh01
325,Shandon Anderson,31,MIA,SF,65,5,17.7,1.5,3.3,.456,0.1,0.4,.179,1.4,2.9,.497,.467,0.8,1.0,.818,0.6,2.3,2.9,1.1,0.6,0.2,0.8,2.1,3.9,,andersh01
326,Damone Brown,25,WAS,SF,14,0,10.9,1.6,4.4,.371,0.3,0.8,.364,1.4,3.6,.373,.403,0.3,0.6,.444,0.7,1.3,2.0,1.0,0.1,0.4,1.1,1.2,3.9,,brownda02
327,Carlos Delfino,22,DET,SG,30,4,15.3,1.4,3.9,.359,0.3,1.2,.257,1.1,2.7,.402,.397,0.8,1.3,.575,0.4,1.4,1.8,1.3,0.7,0.2,0.8,1.5,3.9,,delfica01
328,Scot Pollard,29,IND,C,49,17,17.7,1.6,3.4,.473,0.0,0.0,,1.6,3.4,.473,.473,0.7,1.0,.673,1.7,2.4,4.2,0.4,0.6,0.5,0.6,2.5,3.9,,pollasc01
329,Loren Woods,26,TOR,C,45,30,15.8,1.6,3.6,.433,0.0,0.0,.000,1.6,3.6,.436,.433,0.8,1.3,.576,1.8,3.1,4.9,0.4,0.2,0.9,0.8,1.7,3.9,,woodslo01
330,Matt Barnes,24,SAC,SF,43,9,16.6,1.4,3.5,.411,0.1,0.5,.227,1.3,3.0,.442,.427,0.8,1.3,.603,1.1,2.0,3.1,1.3,0.7,0.2,1.0,1.9,3.8,,barnema02
331,Richie Frahm,27,POR,SG,43,0,11.6,1.3,3.3,.400,0.7,1.9,.388,0.6,1.4,.417,.511,0.5,0.6,.840,0.4,1.0,1.4,0.7,0.3,0.1,0.3,0.8,3.8,,frahmri01
332,Brian Grant,32,LAL,C,69,8,16.5,1.5,3.0,.493,0.0,0.0,,1.5,3.0,.493,.493,0.8,1.1,.722,1.5,2.3,3.7,0.5,0.3,0.3,0.6,2.5,3.8,,grantbr01
333,Lindsey Hunter,34,DET,SG,76,3,15.1,1.4,4.0,.358,0.3,1.1,.274,1.1,2.9,.390,.396,0.6,0.8,.793,0.5,1.1,1.6,1.7,0.9,0.2,0.9,1.6,3.8,,hunteli01
334,Randy Livingston,29,UTA,PG,17,4,13.4,1.3,3.1,.423,0.3,0.5,.625,1.0,2.6,.386,.471,0.9,1.0,.882,0.2,0.5,0.7,2.6,0.7,0.1,0.8,1.6,3.8,,livinra01
335,Darrick Martin,33,LAC,PG,11,0,17.3,1.5,4.5,.320,0.5,1.6,.278,1.0,2.9,.344,.370,0.5,0.7,.625,0.3,0.6,0.9,2.5,0.5,0.0,0.5,1.7,3.8,,martida01
336,Stanislav Medvedenko,25,LAL,PF,43,4,9.8,1.7,3.6,.455,0.0,0.0,.000,1.7,3.6,.458,.455,0.5,0.7,.821,0.7,1.1,1.8,0.3,0.2,0.0,0.3,1.5,3.8,,medvest01
337,Anthony Peeler,35,WAS,SG,40,0,13.2,1.4,3.8,.373,0.6,1.6,.385,0.8,2.1,.365,.457,0.4,0.5,.889,0.4,1.3,1.6,1.4,0.5,0.1,0.7,1.0,3.8,,peelean01
338,Francisco Elson,28,DEN,C,67,11,14.0,1.5,3.2,.468,0.0,0.0,.333,1.5,3.2,.469,.470,0.7,1.2,.570,0.9,2.1,3.0,0.5,0.5,0.6,0.6,1.9,3.7,,elsonfr01
339,Eddie Gill,26,IND,PG,73,3,14.0,1.1,3.3,.335,0.5,1.6,.308,0.6,1.7,.360,.409,1.0,1.1,.877,0.2,1.3,1.5,1.1,0.8,0.1,0.8,1.4,3.7,,gilled01
340,George Lynch,34,NOH,SF,44,27,21.2,1.5,4.3,.360,0.3,0.8,.297,1.3,3.5,.375,.389,0.4,0.5,.739,1.3,2.7,4.0,2.0,0.7,0.3,1.3,1.9,3.7,,lynchge01
341,Jabari Smith,27,NJN,PF,45,2,14.4,1.4,3.3,.419,0.0,0.0,.500,1.4,3.2,.418,.422,0.9,1.2,.745,0.6,1.8,2.5,0.8,0.6,0.3,0.9,2.3,3.7,,smithja01
342,Billy Thomas,29,NJN,SF,25,0,14.2,1.4,3.8,.362,0.7,2.2,.304,0.7,1.5,.447,.452,0.3,0.4,.778,0.3,1.2,1.4,0.7,0.6,0.0,0.4,1.2,3.7,,thomabi01
343,Walter McCarty,30,2TM,PF,72,0,12.6,1.3,3.3,.404,0.8,2.2,.355,0.6,1.1,.500,.521,0.2,0.4,.517,0.4,1.5,1.9,0.5,0.3,0.2,0.5,2.0,3.6,,mccarwa01
343,Walter McCarty,30,BOS,PF,44,0,12.6,1.4,3.4,.413,0.7,2.0,.333,0.7,1.4,.533,.513,0.2,0.3,.533,0.5,1.3,1.8,0.6,0.3,0.2,0.4,1.9,3.7,,mccarwa01
343,Walter McCarty,30,PHO,PF,28,0,12.6,1.2,3.0,.388,0.9,2.3,.385,0.3,0.7,.400,.535,0.3,0.5,.500,0.3,1.9,2.2,0.4,0.4,0.2,0.7,2.1,3.5,,mccarwa01
344,Andris Biedriņš,18,GSW,C,30,1,12.8,1.5,2.6,.577,0.0,0.0,.000,1.5,2.6,.584,.577,0.6,1.3,.475,1.6,2.4,3.9,0.4,0.4,0.8,0.4,2.9,3.6,,biedran01
345,Dion Glover,26,SAS,SG,7,0,9.7,1.1,3.1,.364,0.1,1.1,.125,1.0,2.0,.500,.386,1.1,1.4,.800,0.4,1.1,1.6,0.6,0.4,0.4,0.3,1.3,3.6,,glovedi01
346,Marcus Haislip,24,IND,PF,9,0,11.8,1.4,4.2,.342,0.0,0.1,.000,1.4,4.1,.351,.342,0.7,1.2,.545,0.6,1.1,1.7,0.3,0.2,0.2,0.7,1.7,3.6,,haislma01
347,Stacey Augmon,36,ORL,SF,55,7,12.1,1.2,3.0,.407,0.0,0.0,,1.2,3.0,.407,.407,1.0,1.4,.740,0.8,1.0,1.8,0.7,0.4,0.1,0.6,1.5,3.5,,augmost01
348,Alan Henderson,32,DAL,PF,78,10,15.4,1.5,2.8,.527,0.0,0.0,.000,1.5,2.8,.532,.527,0.5,1.0,.539,2.1,2.4,4.5,0.3,0.4,0.5,0.6,1.9,3.5,,hendeal01
349,Royal Ivey,23,ATL,PG,62,5,13.0,1.4,3.2,.429,0.0,0.1,.333,1.3,3.0,.434,.437,0.8,1.1,.701,0.3,1.0,1.4,1.7,0.6,0.1,0.9,2.3,3.5,,iveyro01
350,Vitaly Potapenko,29,SEA,C,33,1,10.2,1.4,2.6,.517,0.0,0.0,.000,1.4,2.6,.523,.517,0.8,0.9,.871,0.9,1.5,2.4,0.3,0.2,0.1,0.4,1.6,3.5,,potapvi01
351,Tamar Slay,24,CHA,SG,8,0,9.8,1.6,4.9,.333,0.3,1.5,.167,1.4,3.4,.407,.359,0.0,0.3,.000,0.8,1.0,1.8,0.4,0.6,0.0,1.0,2.5,3.5,,slayta01
352,Jamal Sampson,21,CHA,PF,23,0,14.3,1.2,2.7,.452,0.0,0.0,,1.2,2.7,.452,.452,1.0,1.7,.590,1.6,3.7,5.3,0.3,0.2,0.7,0.7,2.3,3.4,,sampsja01
353,Rafael Araújo,24,TOR,C,59,41,12.5,1.3,3.0,.434,0.0,0.1,.333,1.3,2.9,.436,.437,0.7,0.9,.782,1.0,2.1,3.1,0.3,0.4,0.1,0.9,2.7,3.3,,araujra01
354,Jackie Butler,19,NYK,C,3,0,1.7,1.3,1.3,1.000,0.0,0.0,,1.3,1.3,1.000,1.000,0.7,0.7,1.000,0.0,0.0,0.0,0.0,0.3,0.0,0.3,0.0,3.3,,butleja01
355,Sean Marks,29,SAS,PF,23,0,10.6,1.2,3.5,.338,0.0,0.1,.000,1.2,3.3,.351,.338,1.0,1.2,.786,0.8,1.7,2.4,0.3,0.1,0.5,0.6,1.3,3.3,,marksse01
356,Donta Smith,21,ATL,SG,38,0,11.4,1.2,3.0,.389,0.2,0.6,.273,1.0,2.4,.418,.416,0.9,1.3,.688,0.5,0.9,1.4,1.0,0.6,0.1,0.7,1.3,3.3,,smithdo04
357,Qyntel Woods,23,MIA,SF,3,0,13.3,1.7,4.0,.417,0.0,0.0,,1.7,4.0,.417,.417,0.0,0.0,,0.7,1.3,2.0,0.0,1.3,0.0,0.7,2.0,3.3,,woodsqy01
358,Ronald Dupree,24,DET,SF,47,0,10.0,1.3,2.7,.480,0.0,0.0,.500,1.3,2.7,.480,.484,0.6,1.0,.617,0.7,1.3,2.0,0.5,0.1,0.2,0.5,1.3,3.2,,duprero01
359,Zendon Hamilton,29,MIL,C,16,0,9.9,0.7,2.0,.344,0.0,0.0,,0.7,2.0,.344,.344,1.8,3.0,.604,1.1,1.5,2.6,0.4,0.3,0.1,0.8,1.6,3.2,,hamilze01
360,Tony Massenburg,37,SAS,PF,61,6,11.5,1.2,3.0,.407,0.0,0.0,,1.2,3.0,.407,.407,0.8,1.0,.762,0.9,1.8,2.7,0.2,0.3,0.3,0.7,2.0,3.2,,masseto01
361,Laron Profit,27,WAS,SF,42,4,10.2,1.3,3.0,.438,0.2,0.7,.286,1.1,2.4,.480,.469,0.4,0.6,.640,0.6,1.2,1.8,0.9,0.4,0.1,0.6,1.0,3.2,,profila01
362,Theron Smith,24,CHA,SF,33,5,15.5,1.3,4.1,.324,0.1,0.4,.250,1.2,3.8,.331,.335,0.4,0.5,.875,1.2,2.3,3.5,0.8,0.2,0.1,0.8,1.8,3.2,,smithth01
363,Luke Walton,24,LAL,SF,61,5,12.6,1.2,3.0,.411,0.3,1.0,.262,1.0,2.0,.487,.456,0.6,0.8,.708,0.9,1.4,2.3,1.5,0.4,0.2,1.0,1.1,3.2,,waltolu01
364,Andre Barrett,22,2TM,PG,38,1,12.7,1.2,3.3,.363,0.4,1.4,.269,0.8,1.9,.431,.419,0.4,0.5,.737,0.3,0.8,1.1,1.8,0.5,0.0,0.7,1.3,3.1,,barrean01
364,Andre Barrett,22,HOU,PG,27,0,11.6,0.7,2.6,.290,0.3,1.4,.243,0.4,1.2,.344,.355,0.3,0.4,.700,0.2,0.5,0.7,1.6,0.5,0.0,0.6,1.3,2.1,,barrean01
364,Andre Barrett,22,ORL,PG,11,1,15.4,2.3,5.0,.455,0.5,1.4,.333,1.8,3.6,.500,.500,0.6,0.8,.778,0.5,1.4,1.9,2.5,0.5,0.1,1.0,1.5,5.6,,barrean01
365,Maciej Lampe,19,2TM,C,37,0,10.3,1.3,3.6,.371,0.1,0.1,.500,1.3,3.5,.367,.379,0.4,0.6,.682,0.6,1.8,2.4,0.3,0.1,0.2,0.5,1.4,3.1,,lampema01
365,Maciej Lampe,19,PHO,C,16,0,7.4,1.1,3.1,.347,0.1,0.2,.667,0.9,2.9,.326,.367,0.5,0.8,.667,0.6,1.4,2.0,0.1,0.1,0.1,0.6,1.3,2.8,,lampema01
365,Maciej Lampe,19,NOH,C,21,0,12.4,1.5,4.0,.386,0.0,0.0,.000,1.5,3.9,.390,.386,0.3,0.5,.700,0.7,2.0,2.7,0.5,0.2,0.2,0.3,1.5,3.4,,lampema01
366,Cory Alexander,31,CHA,SG,16,1,12.6,1.0,3.1,.327,0.5,1.2,.421,0.5,1.9,.267,.408,0.6,0.8,.750,0.5,1.3,1.8,2.3,0.6,0.1,1.2,1.8,3.1,,alexaco01
367,Lionel Chalmers,24,LAC,PG,36,0,12.0,1.2,3.5,.336,0.3,1.4,.245,0.8,2.1,.395,.384,0.4,0.7,.625,0.1,0.8,0.9,1.4,0.4,0.0,0.7,0.8,3.1,,chalmli01
368,Brandon Hunter,24,ORL,PF,31,0,7.2,1.2,2.4,.507,0.0,0.0,,1.2,2.4,.507,.507,0.7,1.3,.538,0.8,1.4,2.2,0.1,0.1,0.2,0.7,1.4,3.1,,huntebr01
369,Ansu Sesay,28,GSW,SF,16,0,8.0,1.1,2.6,.405,0.1,0.5,.250,0.9,2.1,.441,.429,0.8,1.5,.542,1.1,1.3,2.4,0.8,0.1,0.2,0.5,1.0,3.1,,sesayan01
370,Clarence Weatherspoon,34,HOU,PF,40,18,13.1,1.2,2.9,.412,0.0,0.0,,1.2,2.9,.412,.412,0.7,0.9,.829,0.9,2.2,3.1,0.4,0.2,0.2,0.4,1.9,3.1,,weathcl01
371,Elden Campbell,36,2TM,C,40,1,9.8,1.0,3.1,.317,0.0,0.1,.000,1.0,3.0,.322,.317,1.1,1.4,.764,0.7,1.6,2.3,0.5,0.2,0.2,0.7,1.4,3.0,,campbel01
371,Elden Campbell,36,NJN,C,10,0,5.0,0.0,0.7,.000,0.0,0.0,,0.0,0.7,.000,.000,0.2,0.4,.500,0.3,0.8,1.1,0.3,0.0,0.1,0.1,1.0,0.2,,campbel01
371,Elden Campbell,36,DET,C,30,1,11.3,1.3,3.9,.336,0.0,0.1,.000,1.3,3.8,.342,.336,1.3,1.7,.784,0.8,1.9,2.7,0.5,0.3,0.2,0.9,1.6,3.9,,campbel01
372,Curtis Borchardt,24,UTA,C,67,23,12.8,1.1,2.6,.430,0.0,0.0,,1.1,2.6,.430,.430,0.8,1.1,.732,1.3,2.1,3.3,0.7,0.1,0.5,0.8,2.4,3.0,,borchcu01
373,Antonio Burks,24,MEM,PG,24,0,9.1,1.2,2.5,.467,0.1,0.5,.273,1.0,2.0,.510,.492,0.6,0.8,.737,0.0,0.5,0.5,1.2,0.5,0.0,0.5,1.0,3.0,,burksan01
374,Smush Parker,23,2TM,PG,16,1,9.0,1.1,2.7,.419,0.2,0.8,.231,0.9,1.9,.500,.453,0.6,0.8,.692,0.3,0.5,0.8,0.9,0.3,0.0,1.2,1.0,3.0,,parkesm01
374,Smush Parker,23,DET,PG,11,1,10.0,1.0,2.5,.393,0.2,0.8,.222,0.8,1.7,.474,.429,0.8,1.2,.692,0.2,0.6,0.8,1.0,0.3,0.0,0.9,1.2,3.0,,parkesm01
374,Smush Parker,23,PHO,PG,5,0,6.8,1.4,3.0,.467,0.2,0.8,.250,1.2,2.2,.545,.500,0.0,0.0,,0.4,0.2,0.6,0.8,0.4,0.0,1.8,0.6,3.0,,parkesm01
375,Bernard Robinson,24,CHA,SG,31,1,10.6,1.2,2.6,.444,0.1,0.3,.375,1.1,2.4,.452,.463,0.6,0.8,.692,0.5,1.1,1.5,1.0,0.4,0.1,0.6,1.4,3.0,,robinbe01
376,Kevin Willis,42,ATL,C,29,5,11.9,1.2,3.1,.389,0.0,0.1,.000,1.2,3.0,.398,.389,0.6,0.8,.739,1.0,1.6,2.6,0.3,0.3,0.2,0.5,1.8,3.0,,willike02
377,Ryan Humphrey,25,MEM,SF,35,0,9.1,1.2,2.9,.408,0.0,0.1,.000,1.2,2.9,.416,.408,0.5,1.1,.486,1.4,1.1,2.5,0.2,0.3,0.0,0.7,1.0,2.9,,humphry01
378,Luke Jackson,23,CLE,SF,10,0,4.3,1.0,2.7,.370,0.4,0.6,.667,0.6,2.1,.286,.444,0.5,0.6,.833,0.2,0.4,0.6,0.3,0.0,0.0,0.2,0.4,2.9,,jackslu02
379,Kevin Martin,21,SAC,PG,45,0,10.1,1.0,2.6,.385,0.1,0.6,.200,0.9,2.0,.435,.406,0.8,1.2,.655,0.6,0.6,1.3,0.5,0.4,0.1,0.5,0.8,2.9,,martike02
380,Sasha Vujačić,20,LAL,SG,35,3,11.5,0.9,3.3,.282,0.5,1.8,.270,0.5,1.5,.296,.355,0.5,0.5,.947,0.4,1.4,1.8,1.5,0.3,0.1,0.4,1.2,2.9,,vujacsa01
381,Josh Davis,24,PHI,PF,42,5,7.8,1.0,2.6,.378,0.5,1.3,.358,0.5,1.4,.397,.464,0.3,0.4,.824,0.7,1.2,1.9,0.3,0.2,0.1,0.4,1.1,2.8,,davisjo02
382,Horace Jenkins,30,DET,PG,15,0,6.9,1.0,3.0,.333,0.0,0.6,.000,1.0,2.4,.417,.333,0.8,0.9,.923,0.2,0.4,0.6,0.6,0.3,0.1,0.5,0.4,2.8,,jenkiho01
383,Shawn Bradley,32,DAL,C,77,14,11.5,1.1,2.4,.452,0.0,0.0,,1.1,2.4,.452,.452,0.6,0.8,.683,0.9,1.9,2.8,0.2,0.3,0.8,0.4,2.0,2.7,,bradlsh01
384,Anthony Carter,29,MIN,PG,66,12,11.2,1.1,2.7,.407,0.0,0.3,.118,1.1,2.4,.438,.412,0.5,0.8,.686,0.2,0.9,1.0,2.4,0.5,0.3,0.9,1.3,2.7,,cartean01
385,Corsley Edwards,25,NOH,C,10,0,11.0,1.0,3.1,.323,0.0,0.0,,1.0,3.1,.323,.323,0.7,1.2,.583,1.2,1.3,2.5,0.3,0.3,0.4,0.2,1.9,2.7,,edwarco01
386,Donnell Harvey,24,NJN,PF,3,0,5.3,0.7,0.7,1.000,0.0,0.0,,0.7,0.7,1.000,1.000,1.3,1.3,1.000,0.7,1.7,2.3,0.3,0.3,0.3,0.3,0.7,2.7,,harvedo01
387,Mario Kasun,24,ORL,C,45,0,7.9,1.0,2.2,.480,0.0,0.0,.000,1.0,2.2,.485,.480,0.5,1.0,.558,1.2,1.7,2.8,0.2,0.2,0.3,0.6,1.9,2.6,,kasunma01
388,Tony Bobbitt,25,LAL,SG,2,0,6.0,1.0,2.5,.400,0.5,1.0,.500,0.5,1.5,.333,.500,0.0,0.0,,0.0,1.5,1.5,0.0,0.0,0.0,0.0,0.5,2.5,,bobbito01
389,Kendrick Perkins,20,BOS,C,60,3,9.1,0.9,2.0,.471,0.0,0.0,,0.9,2.0,.471,.471,0.6,1.0,.638,0.9,2.1,2.9,0.4,0.2,0.6,0.7,1.6,2.5,,perkike01
390,John Thomas,29,MIN,C,44,8,11.8,1.0,2.0,.488,0.0,0.0,,1.0,2.0,.488,.488,0.6,1.0,.587,0.9,1.3,2.2,0.4,0.3,0.3,0.4,1.9,2.5,,thomajo02
391,Jake Tsakalidis,25,MEM,C,31,1,9.0,1.0,2.1,.500,0.0,0.0,,1.0,2.1,.500,.500,0.5,0.6,.778,0.7,1.1,1.8,0.3,0.1,0.5,0.4,1.4,2.5,,tsakaja01
392,Jahidi White,28,CHA,C,17,0,7.9,0.8,1.8,.452,0.0,0.0,,0.8,1.8,.452,.452,0.8,2.4,.350,0.6,1.4,2.0,0.1,0.1,0.7,0.6,1.8,2.5,,whiteja01
393,James Thomas,24,2TM,PF,11,2,10.6,1.1,1.8,.600,0.0,0.0,,1.1,1.8,.600,.600,0.2,0.5,.333,1.5,1.8,3.4,0.4,0.4,0.4,0.6,1.2,2.4,,thomaja02
393,James Thomas,24,POR,PF,9,2,12.4,1.2,2.0,.611,0.0,0.0,,1.2,2.0,.611,.611,0.2,0.7,.333,1.7,2.2,3.9,0.4,0.4,0.4,0.8,1.3,2.7,,thomaja02
393,James Thomas,24,ATL,PF,2,0,2.5,0.5,1.0,.500,0.0,0.0,,0.5,1.0,.500,.500,0.0,0.0,,1.0,0.0,1.0,0.0,0.0,0.0,0.0,0.5,1.0,,thomaja02
394,Moochie Norris,31,2TM,PG,38,0,9.5,0.9,2.9,.321,0.0,0.3,.000,0.9,2.6,.361,.321,0.5,0.6,.833,0.3,0.9,1.2,1.0,0.5,0.1,0.7,1.2,2.4,,norrimo01
394,Moochie Norris,31,NYK,PG,32,0,10.0,1.0,2.9,.344,0.0,0.4,.000,1.0,2.5,.395,.344,0.6,0.7,.818,0.3,1.0,1.3,1.1,0.5,0.1,0.8,1.3,2.6,,norrimo01
394,Moochie Norris,31,HOU,PG,6,0,6.5,0.5,2.7,.188,0.0,0.0,,0.5,2.7,.188,.188,0.3,0.3,1.000,0.2,0.5,0.7,0.8,0.2,0.0,0.3,0.3,1.3,,norrimo01
395,Calvin Booth,28,2TM,C,51,1,8.8,1.0,2.1,.454,0.0,0.0,.000,1.0,2.1,.458,.454,0.5,0.6,.813,0.6,1.5,2.1,0.2,0.3,0.5,0.3,1.5,2.4,,boothca01
395,Calvin Booth,28,DAL,C,34,1,7.7,1.0,2.3,.430,0.0,0.0,.000,1.0,2.3,.436,.430,0.4,0.5,.875,0.5,1.2,1.7,0.1,0.3,0.5,0.2,1.6,2.4,,boothca01
395,Calvin Booth,28,MIL,C,17,0,11.1,0.9,1.7,.517,0.0,0.0,,0.9,1.7,.517,.517,0.7,0.9,.750,0.8,2.1,2.9,0.2,0.2,0.7,0.5,1.4,2.5,,boothca01
396,Tremaine Fowlkes,28,IND,SF,8,0,7.0,1.1,2.1,.529,0.1,0.4,.333,1.0,1.8,.571,.559,0.0,0.3,.000,0.4,0.6,1.0,0.0,0.3,0.0,0.6,0.9,2.4,,fowlktr01
397,Vlade Divac,36,LAL,C,15,0,8.7,0.9,2.1,.419,0.0,0.0,,0.9,2.1,.419,.419,0.5,0.8,.667,1.2,0.9,2.1,1.3,0.3,0.1,0.9,1.7,2.3,,divacvl01
398,Mark Jones,29,ORL,SF,10,0,11.6,0.9,3.1,.290,0.0,0.4,.000,0.9,2.7,.333,.290,0.5,1.0,.500,0.6,0.7,1.3,0.6,0.5,0.2,0.3,1.6,2.3,,jonesma03
399,Pape Sow,23,TOR,C,27,4,9.4,0.9,2.1,.397,0.0,0.0,,0.9,2.1,.397,.397,0.6,1.0,.593,0.7,1.4,2.1,0.1,0.4,0.1,0.4,1.7,2.3,,sowpa01
400,Dorell Wright,19,MIA,SF,3,0,9.0,1.0,3.7,.273,0.0,1.3,.000,1.0,2.3,.429,.273,0.3,0.3,1.000,0.0,0.3,0.3,1.0,1.3,0.0,1.0,0.7,2.3,,wrighdo01
401,Luis Flores,23,2TM,PG,16,0,4.8,0.9,1.8,.483,0.3,0.6,.500,0.6,1.2,.474,.569,0.1,0.1,1.000,0.1,0.1,0.2,0.7,0.1,0.0,0.7,0.6,2.2,,florelu01
401,Luis Flores,23,GSW,PG,15,0,4.9,0.9,1.8,.481,0.3,0.6,.444,0.6,1.2,.500,.556,0.1,0.1,1.000,0.0,0.1,0.1,0.7,0.1,0.0,0.7,0.6,2.1,,florelu01
401,Luis Flores,23,DEN,PG,1,0,4.0,1.0,2.0,.500,1.0,1.0,1.000,0.0,1.0,.000,.750,0.0,0.0,,1.0,0.0,1.0,0.0,0.0,0.0,0.0,0.0,3.0,,florelu01
402,Adrian Griffin,30,CHI,SF,69,1,9.7,0.8,2.3,.360,0.0,0.1,.222,0.8,2.2,.368,.366,0.5,0.6,.750,0.8,1.4,2.1,0.8,0.6,0.1,0.4,1.1,2.2,,griffad01
403,Aaron McKie,32,PHI,SG,68,3,16.4,0.9,2.1,.430,0.3,0.9,.323,0.6,1.2,.513,.500,0.1,0.2,.625,0.3,2.2,2.5,1.5,0.7,0.3,0.5,1.7,2.2,,mckieaa01
404,Wang Zhizhi,27,MIA,C,20,0,4.6,0.9,1.8,.472,0.1,0.2,.667,0.8,1.7,.455,.500,0.4,0.6,.583,0.3,0.6,0.9,0.3,0.2,0.1,0.3,0.5,2.2,,zhizhwa01
405,Mark Madsen,29,MIN,C,41,14,14.7,0.8,1.6,.515,0.0,0.0,,0.8,1.6,.515,.515,0.5,1.0,.500,1.5,1.6,3.1,0.4,0.2,0.3,0.6,2.5,2.1,,madsema01
406,Michael Stewart,29,ATL,PF,12,1,12.1,0.9,1.8,.524,0.0,0.0,,0.9,1.8,.524,.524,0.3,0.6,.429,1.8,1.6,3.3,0.4,0.5,0.4,0.5,2.7,2.1,,stewami01
407,Jake Voskuhl,27,PHO,C,38,1,9.5,0.7,1.6,.458,0.0,0.0,,0.7,1.6,.458,.458,0.7,1.0,.684,0.8,1.6,2.4,0.4,0.1,0.3,0.5,1.6,2.1,,voskuja01
408,Reece Gaines,24,2TM,PG,21,0,8.9,0.8,2.4,.340,0.2,0.7,.286,0.6,1.7,.361,.380,0.1,0.2,.750,0.0,0.6,0.7,0.3,0.2,0.0,0.3,0.8,2.0,,gainere01
408,Reece Gaines,24,HOU,PG,10,0,10.8,1.0,2.7,.370,0.3,1.2,.250,0.7,1.5,.467,.426,0.3,0.4,.750,0.0,1.1,1.1,0.3,0.3,0.0,0.4,1.2,2.6,,gainere01
408,Reece Gaines,24,MIL,PG,11,0,7.2,0.6,2.1,.304,0.1,0.2,.500,0.5,1.9,.286,.326,0.0,0.0,,0.1,0.2,0.3,0.4,0.2,0.1,0.3,0.5,1.4,,gainere01
409,Jermaine Jackson,28,NYK,SG,21,0,11.0,0.8,1.6,.515,0.0,0.1,.000,0.8,1.5,.548,.515,0.4,0.6,.615,0.1,1.0,1.1,1.1,0.3,0.0,0.5,1.2,2.0,,jacksje01
410,Britton Johnsen,25,IND,SF,6,1,14.5,1.0,3.7,.273,0.0,0.7,.000,1.0,3.0,.333,.273,0.0,0.0,,0.8,0.8,1.7,0.7,0.2,0.0,0.5,1.7,2.0,,johnsbr01
411,Anthony Miller,33,ATL,PF,2,0,4.5,1.0,1.5,.667,0.0,0.0,,1.0,1.5,.667,.667,0.0,0.0,,0.0,0.5,0.5,0.5,0.5,0.0,0.5,1.0,2.0,,millean01
412,Daniel Santiago,28,MIL,C,11,0,9.5,0.6,1.9,.333,0.0,0.0,,0.6,1.9,.333,.333,0.7,1.0,.727,0.5,1.2,1.7,0.1,0.3,0.4,0.4,2.5,2.0,,santida01
413,Michael Bradley,25,3TM,PF,18,0,6.6,0.8,1.3,.625,0.0,0.1,.000,0.8,1.3,.652,.625,0.2,0.4,.375,0.4,1.1,1.6,0.3,0.1,0.1,0.3,0.7,1.8,,bradlmi01
413,Michael Bradley,25,ORL,PF,8,0,6.9,0.4,0.9,.429,0.0,0.0,,0.4,0.9,.429,.429,0.0,0.0,,0.4,1.4,1.8,0.3,0.1,0.3,0.1,0.5,0.8,,bradlmi01
413,Michael Bradley,25,SAC,PF,8,0,6.0,1.0,1.5,.667,0.0,0.0,,1.0,1.5,.667,.667,0.3,0.8,.333,0.6,0.8,1.4,0.3,0.0,0.0,0.4,1.0,2.3,,bradlmi01
413,Michael Bradley,25,PHI,PF,2,0,8.0,2.0,2.5,.800,0.0,0.5,.000,2.0,2.0,1.000,.800,0.5,1.0,.500,0.0,1.5,1.5,0.5,0.0,0.0,0.5,0.0,4.5,,bradlmi01
414,Derrick Coleman,37,DET,C,5,0,10.0,0.6,2.8,.214,0.0,0.4,.000,0.6,2.4,.250,.214,0.6,0.6,1.000,0.6,2.4,3.0,0.0,0.0,0.0,0.4,1.2,1.8,,colemde01
415,Darko Miličić,19,DET,C,37,2,6.9,0.7,2.1,.329,0.0,0.0,,0.7,2.1,.329,.329,0.5,0.6,.708,0.1,1.1,1.2,0.2,0.1,0.5,0.4,0.8,1.8,,milicda01
416,Mamadou N'Diaye,29,LAC,C,11,0,6.5,0.7,1.8,.400,0.0,0.1,.000,0.7,1.7,.421,.400,0.4,0.6,.571,0.8,0.8,1.6,0.1,0.1,0.5,0.0,1.8,1.8,,ndiayma02
417,Peter John Ramos,19,WAS,C,6,0,3.3,0.8,1.7,.500,0.0,0.0,,0.8,1.7,.500,.500,0.2,0.3,.500,0.2,0.5,0.7,0.0,0.0,0.2,0.5,0.7,1.8,,ramospe01
418,Justin Reed,23,BOS,SF,23,0,5.3,0.7,1.3,.517,0.0,0.1,.000,0.7,1.1,.577,.517,0.5,0.7,.733,0.3,0.3,0.7,0.4,0.1,0.0,0.2,0.5,1.8,,reedju01
419,Rod Strickland,38,HOU,PG,16,2,12.3,0.6,2.7,.209,0.1,0.1,.500,0.5,2.6,.195,.221,0.6,0.6,.900,0.2,1.5,1.7,2.4,0.2,0.1,1.0,0.9,1.8,,stricro02
420,Yuta Tabuse,24,PHO,PG,4,0,4.3,0.3,1.5,.167,0.3,0.3,1.000,0.0,1.3,.000,.250,1.0,1.0,1.000,0.5,0.5,1.0,0.8,0.0,0.0,0.3,0.3,1.8,,tabusyu01
421,Aaron Williams,33,2TM,C,42,4,7.5,0.7,1.5,.460,0.0,0.0,,0.7,1.5,.460,.460,0.4,0.4,.882,0.4,1.0,1.4,0.2,0.1,0.2,0.4,1.7,1.7,,williaa01
421,Aaron Williams,33,NJN,C,19,0,7.9,0.7,1.4,.519,0.0,0.0,,0.7,1.4,.519,.519,0.5,0.5,.900,0.4,1.3,1.6,0.3,0.2,0.3,0.6,1.3,1.9,,williaa01
421,Aaron Williams,33,TOR,C,23,4,7.2,0.7,1.6,.417,0.0,0.0,,0.7,1.6,.417,.417,0.3,0.3,.857,0.4,0.8,1.3,0.1,0.0,0.1,0.3,2.0,1.6,,williaa01
422,Ryan Bowen,29,HOU,SF,66,6,9.2,0.7,1.7,.423,0.0,0.1,.500,0.7,1.6,.419,.437,0.2,0.3,.667,0.3,0.8,1.2,0.3,0.3,0.1,0.1,0.9,1.7,,bowenry01
423,Jamison Brewer,24,NYK,PG,18,0,10.3,0.6,2.1,.297,0.2,0.8,.200,0.4,1.2,.364,.338,0.3,0.7,.462,0.3,0.9,1.2,0.7,0.4,0.1,0.7,0.6,1.7,,breweja01
424,Michael Curry,36,IND,SF,18,7,13.8,0.7,1.6,.448,0.0,0.0,,0.7,1.6,.448,.448,0.2,0.4,.500,0.4,1.1,1.5,0.8,0.3,0.2,0.3,2.2,1.7,,currymi01
425,Samaki Walker,28,WAS,PF,14,0,9.6,0.8,2.2,.355,0.0,0.0,,0.8,2.2,.355,.355,0.1,0.2,.667,0.6,0.7,1.3,0.3,0.2,0.5,0.6,1.8,1.7,,walkesa01
426,Mike Wilks,25,SAS,PG,48,0,5.8,0.7,1.6,.416,0.1,0.3,.313,0.6,1.3,.443,.448,0.3,0.3,.750,0.1,0.4,0.5,0.7,0.3,0.0,0.3,0.5,1.7,,wilksmi01
427,Scott Williams,36,CLE,C,19,0,8.0,0.6,2.2,.293,0.0,0.1,.000,0.6,2.1,.300,.293,0.5,0.6,.818,0.8,0.8,1.6,0.4,0.2,0.3,0.3,1.6,1.7,,willisc01
428,Ervin Johnson,37,MIN,C,46,23,8.9,0.6,1.2,.519,0.0,0.0,1.000,0.6,1.2,.509,.528,0.3,0.5,.640,0.9,1.5,2.5,0.1,0.2,0.3,0.4,1.9,1.6,,johnser02
429,Greg Ostertag,31,SAC,C,56,3,9.9,0.7,1.5,.440,0.0,0.0,.000,0.7,1.5,.451,.440,0.2,0.7,.342,1.0,2.0,3.0,0.7,0.1,0.7,0.4,1.6,1.6,,ostergr01
430,Aleksandar Radojević,28,UTA,C,12,6,10.7,0.5,1.6,.316,0.0,0.0,,0.5,1.6,.316,.316,0.6,0.8,.700,0.8,1.6,2.3,0.5,0.0,0.2,1.3,2.7,1.6,,radojal01
431,Lonny Baxter,26,NOH,PF,4,0,9.0,0.8,2.8,.273,0.0,0.0,,0.8,2.8,.273,.273,0.0,0.5,.000,1.0,1.0,2.0,0.0,0.0,0.0,1.0,2.5,1.5,,baxtelo01
432,Kedrick Brown,23,PHI,SF,8,0,6.9,0.3,0.8,.333,0.0,0.4,.000,0.3,0.4,.667,.333,1.0,1.3,.800,0.1,1.3,1.4,0.5,0.4,0.1,0.6,0.5,1.5,,brownke01
433,Jelani McCoy,27,ATL,C,10,0,8.8,0.7,1.3,.538,0.0,0.0,,0.7,1.3,.538,.538,0.1,0.5,.200,0.7,1.4,2.1,0.0,0.3,0.8,0.6,2.4,1.5,,mccoyje01
434,Jérôme Moïso,26,3TM,PF,20,1,6.0,0.5,0.9,.500,0.0,0.1,.000,0.5,0.9,.529,.500,0.5,0.7,.769,0.5,1.4,1.9,0.1,0.2,0.3,0.4,0.7,1.4,,moisoje01
434,Jérôme Moïso,26,TOR,C,8,1,8.6,0.4,1.1,.333,0.0,0.1,.000,0.4,1.0,.375,.333,1.0,1.1,.889,0.8,2.1,2.9,0.0,0.3,0.4,0.8,0.9,1.8,,moisoje01
434,Jérôme Moïso,26,NJN,C,8,0,3.0,0.4,0.5,.750,0.0,0.0,,0.4,0.5,.750,.750,0.3,0.5,.500,0.4,0.5,0.9,0.0,0.0,0.1,0.1,0.3,1.0,,moisoje01
434,Jérôme Moïso,26,CLE,PF,4,0,6.8,0.8,1.3,.600,0.0,0.0,,0.8,1.3,.600,.600,0.0,0.0,,0.3,1.5,1.8,0.3,0.3,0.5,0.0,1.0,1.5,,moisoje01
435,Nikoloz Tskitishvili,21,2TM,PF,35,0,6.3,0.6,2.1,.297,0.1,0.5,.118,0.6,1.6,.351,.311,0.1,0.2,.571,0.3,0.8,1.2,0.3,0.2,0.3,0.5,0.9,1.4,,tskitni01
435,Nikoloz Tskitishvili,21,DEN,PF,23,0,6.9,0.7,2.2,.294,0.0,0.3,.000,0.7,1.9,.341,.294,0.2,0.3,.571,0.5,0.8,1.3,0.2,0.3,0.3,0.6,1.0,1.5,,tskitni01
435,Nikoloz Tskitishvili,21,GSW,PF,12,0,5.2,0.6,1.9,.304,0.2,0.8,.200,0.4,1.1,.385,.348,0.0,0.0,,0.1,0.9,1.0,0.5,0.0,0.3,0.4,0.8,1.3,,tskitni01
436,Michael Ruffin,28,WAS,C,79,7,16.0,0.5,1.3,.414,0.0,0.0,.000,0.5,1.2,.418,.414,0.4,0.8,.433,2.0,2.2,4.2,0.8,0.5,0.5,0.6,2.4,1.4,,ruffimi01
437,Ha Seung-Jin,19,POR,C,19,0,5.5,0.5,1.2,.435,0.0,0.0,,0.5,1.2,.435,.435,0.3,0.6,.545,0.3,0.6,0.9,0.1,0.1,0.3,0.6,1.1,1.4,,seungha01
438,Vin Baker,33,2TM,C,27,0,7.6,0.5,1.6,.310,0.0,0.0,.000,0.5,1.5,.317,.310,0.3,0.6,.529,0.6,0.8,1.4,0.4,0.1,0.1,0.6,1.4,1.3,,bakervi01
438,Vin Baker,33,NYK,PF,24,0,8.0,0.5,1.6,.342,0.0,0.0,.000,0.5,1.5,.351,.342,0.3,0.6,.467,0.7,0.8,1.5,0.4,0.1,0.2,0.6,1.3,1.4,,bakervi01
438,Vin Baker,33,HOU,C,3,0,4.3,0.0,1.3,.000,0.0,0.0,,0.0,1.3,.000,.000,0.7,0.7,1.000,0.0,0.7,0.7,0.3,0.0,0.0,0.7,2.3,0.7,,bakervi01
439,Geno Carlisle,28,POR,SG,6,0,2.7,0.3,0.5,.667,0.0,0.0,,0.3,0.5,.667,.667,0.7,1.0,.667,0.2,0.0,0.2,0.2,0.0,0.0,0.2,0.2,1.3,,carlige01
440,Paul Shirley,27,PHO,PF,9,0,3.3,0.6,1.2,.455,0.0,0.0,,0.6,1.2,.455,.455,0.2,0.4,.500,0.1,0.1,0.2,0.3,0.0,0.0,0.1,0.3,1.3,,shirlpa01
441,Kaniel Dickens,26,NJN,SF,11,0,5.5,0.4,1.3,.286,0.3,0.8,.333,0.1,0.5,.200,.393,0.2,0.2,1.000,0.3,0.5,0.8,0.1,0.2,0.1,0.2,0.5,1.2,,dickeka01
442,John Edwards,23,IND,C,25,1,5.6,0.4,1.2,.367,0.0,0.0,,0.4,1.2,.367,.367,0.3,0.6,.500,0.3,0.4,0.8,0.1,0.1,0.2,0.3,0.5,1.2,,edwarjo01
443,Bruno Šundov,24,NYK,C,21,0,3.5,0.5,1.8,.297,0.0,0.1,.333,0.5,1.6,.294,.311,0.1,0.1,1.000,0.3,0.3,0.6,0.1,0.1,0.1,0.3,0.8,1.2,,sundobr01
444,Andrew DeClercq,31,ORL,C,8,0,6.1,0.5,1.1,.444,0.0,0.0,,0.5,1.1,.444,.444,0.1,0.4,.333,0.9,0.4,1.3,0.0,0.3,0.0,0.1,1.8,1.1,,declean01
445,Kevin Ollie,32,PHI,PG,26,0,6.1,0.4,1.2,.355,0.0,0.0,,0.4,1.2,.355,.355,0.2,0.3,.667,0.1,0.6,0.7,0.7,0.2,0.0,0.2,0.6,1.1,,ollieke01
446,Jared Reiner,22,CHI,C,19,2,6.9,0.5,1.6,.333,0.0,0.0,,0.5,1.6,.333,.333,0.1,0.2,.250,0.7,1.3,2.0,0.1,0.2,0.4,0.5,1.8,1.1,,reineja01
447,DeSagana Diop,23,CLE,C,39,0,7.8,0.5,1.8,.290,0.0,0.1,.000,0.5,1.7,.299,.290,0.0,0.1,.000,0.8,1.0,1.8,0.4,0.2,0.7,0.3,1.4,1.0,,diopde01
448,Darvin Ham,31,DET,SF,47,0,5.9,0.4,0.8,.459,0.0,0.0,,0.4,0.8,.459,.459,0.3,0.7,.387,0.4,0.3,0.7,0.1,0.1,0.1,0.2,0.8,1.0,,hamda01
449,D.J. Mbenga,24,DAL,C,15,1,3.9,0.4,0.9,.429,0.0,0.0,,0.4,0.9,.429,.429,0.2,0.3,.750,0.2,0.3,0.5,0.0,0.0,0.3,0.3,0.9,1.0,,mbengdj01
450,Torraye Braggs,28,HOU,PF,7,0,3.4,0.4,1.0,.429,0.0,0.0,,0.4,1.0,.429,.429,0.0,0.0,,1.0,0.7,1.7,0.0,0.0,0.0,0.3,0.6,0.9,,braggto01
451,Mateen Cleaves,27,SEA,PG,14,0,4.6,0.4,1.0,.357,0.0,0.1,.000,0.4,0.9,.417,.357,0.2,0.3,.750,0.1,0.3,0.4,0.5,0.1,0.0,0.1,0.1,0.9,,cleavma01
452,Andre Emmett,22,MEM,SG,8,0,3.5,0.3,0.8,.333,0.0,0.0,,0.3,0.8,.333,.333,0.4,0.6,.600,0.0,0.3,0.3,0.0,0.0,0.0,0.1,0.5,0.9,,emmetan01
453,Awvee Storey,27,NJN,SG,9,0,3.6,0.3,1.1,.300,0.1,0.2,.500,0.2,0.9,.250,.350,0.1,0.2,.500,0.4,0.1,0.6,0.1,0.0,0.0,0.0,0.3,0.9,,storeaw01
454,Robert Swift,19,SEA,C,16,0,4.5,0.3,0.7,.455,0.0,0.0,,0.3,0.7,.455,.455,0.3,0.6,.556,0.1,0.3,0.3,0.1,0.1,0.4,0.3,1.0,0.9,,swiftro01
455,Bo Outlaw,33,PHO,PF,39,0,5.5,0.3,0.9,.353,0.0,0.0,,0.3,0.9,.353,.353,0.1,0.2,.556,0.4,0.9,1.4,0.3,0.2,0.3,0.2,0.7,0.7,,outlabo01
456,Frank Williams,24,CHI,SG,9,0,7.9,0.3,2.2,.150,0.0,0.4,.000,0.3,1.8,.188,.150,0.0,0.0,,0.2,0.4,0.7,1.2,0.2,0.3,0.3,1.0,0.7,,willifr02
457,Erik Daniels,22,SAC,SF,21,0,3.4,0.3,0.9,.333,0.0,0.1,.500,0.2,0.8,.313,.361,0.0,0.0,,0.3,0.5,0.9,0.2,0.1,0.0,0.3,0.3,0.6,,danieer01
458,Kirk Penney,24,LAC,SG,4,0,3.0,0.3,0.8,.333,0.0,0.3,.000,0.3,0.5,.500,.333,0.0,0.0,,0.0,0.3,0.3,0.3,0.0,0.0,0.5,0.0,0.5,,penneki01
459,Mark Pope,32,DEN,PF,9,0,3.0,0.2,0.7,.333,0.0,0.0,,0.2,0.7,.333,.333,0.0,0.0,,0.6,0.3,0.9,0.1,0.1,0.2,0.1,0.6,0.4,,popema01
460,Pavel Podkolzin,20,DAL,C,5,0,2.0,0.0,0.0,,0.0,0.0,,0.0,0.0,,,0.2,0.4,.500,0.0,0.4,0.4,0.0,0.0,0.0,0.4,0.8,0.2,,podkopa01
461,Maurice Baker,25,2TM,PG,5,0,3.8,0.0,0.2,.000,0.0,0.0,,0.0,0.2,.000,.000,0.0,0.0,,0.2,0.2,0.4,0.2,0.2,0.0,0.2,0.6,0.0,,bakerma01
461,Maurice Baker,25,LAC,PG,1,0,1.0,0.0,0.0,,0.0,0.0,,0.0,0.0,,,0.0,0.0,,0.0,0.0,0.0,0.0,0.0,0.0,0.0,0.0,0.0,,bakerma01
461,Maurice Baker,25,POR,PG,4,0,4.5,0.0,0.3,.000,0.0,0.0,,0.0,0.3,.000,.000,0.0,0.0,,0.3,0.3,0.5,0.3,0.3,0.0,0.3,0.8,0.0,,bakerma01
462,Linton Johnson,24,SAS,SF,2,0,7.5,0.0,1.0,.000,0.0,0.5,.000,0.0,0.5,.000,.000,0.0,0.0,,0.0,1.5,1.5,0.0,0.5,0.0,0.5,0.5,0.0,,johnsli01
463,Brandin Knight,23,HOU,PG,1,0,3.0,0.0,1.0,.000,0.0,0.0,,0.0,1.0,.000,.000,0.0,0.0,,0.0,0.0,0.0,1.0,0.0,0.0,0.0,0.0,0.0,,knighbr02
464,Ibo Kutluay,30,SEA,SG,5,0,2.4,0.0,0.2,.000,0.0,0.0,,0.0,0.2,.000,.000,0.0,0.0,,0.0,0.2,0.2,0.0,0.0,0.0,0.4,0.2,0.0,,kutluib01
,League Average,,,,,,,,,.447,,,.356,,,.470,.482,,,.756,,,,,,,,,,,-9999